wall_elapsed_sec,ros_time_sec,current_waypoint,last_status,diagnosis,issues,map_x,map_y,map_yaw_deg,odom_x,odom_y,static_value,static_status,global_value,global_status,local_value,local_status,local_plan_points,local_plan_inside,local_plan_free,local_plan_lethal,local_plan_unknown,local_plan_status,global_plan_points,global_plan_inside,global_plan_free,global_plan_lethal,global_plan_unknown,global_plan_status,scan_front_min_m,scan_valid_count
0.504,1782024100.327,,,local_missing,local_missing,,,,0.0,0.0,,,,,,missing,0,0,0,0,0,missing_costmap,0,0,0,0,0,missing_costmap,3.804,701
1.004,1782024100.827,,,local_missing,local_missing,,,,0.0,0.0,,,,,,missing,0,0,0,0,0,missing_costmap,0,0,0,0,0,missing_costmap,3.804,701
1.504,1782024101.327,,,ok,,0.0,0.0,0.0,0.0,0.0,0,ok,0,ok,0,ok,0,0,0,0,0,missing_plan,0,0,0,0,0,missing_plan,3.804,701
2.004,1782024101.827,,,ok,,0.0,0.0,0.0,0.0,0.0,0,ok,0,ok,0,ok,0,0,0,0,0,missing_plan,0,0,0,0,0,missing_plan,3.804,701
2.504,1782024102.327,,,ok,,0.0,0.0,0.0,0.0,0.0,0,ok,0,ok,0,ok,0,0,0,0,0,missing_plan,0,0,0,0,0,missing_plan,3.804,701
3.004,1782024102.827,,,ok,,0.0,0.0,0.0,0.0,0.0,0,ok,0,ok,0,ok,0,0,0,0,0,missing_plan,0,0,0,0,0,missing_plan,3.804,701
3.504,1782024103.327,,,ok,,0.0,0.0,0.0,0.0,0.0,0,ok,0,ok,0,ok,0,0,0,0,0,missing_plan,0,0,0,0,0,missing_plan,3.804,701
4.004,1782024103.827,,,ok,,0.0,0.0,0.0,0.0,0.0,0,ok,0,ok,0,ok,0,0,0,0,0,missing_plan,0,0,0,0,0,missing_plan,3.804,701
4.504,1782024104.327,,,ok,,0.0,0.0,0.0,0.0,0.0,0,ok,0,ok,0,ok,0,0,0,0,0,missing_plan,0,0,0,0,0,missing_plan,3.804,701
5.004,1782024104.827,0,"heading to waypoint #0 (1.7, -1.1)",ok,,0.015,-0.0,-1.1,0.015,-0.0,0,ok,0,ok,0,ok,35,31,31,0,0,ok,35,35,35,0,0,ok,3.612,701
5.504,1782024105.327,0,"heading to waypoint #0 (1.7, -1.1)",ok,,0.408,-0.067,-20.6,0.408,-0.067,0,ok,0,ok,0,ok,35,35,35,0,0,ok,35,35,35,0,0,ok,4.69,706
6.004,1782024105.827,0,"heading to waypoint #0 (1.7, -1.1)",ok,,0.754,-0.278,-42.2,0.749,-0.281,0,ok,0,ok,0,ok,21,21,21,0,0,ok,21,21,21,0,0,ok,4.201,714
6.504,1782024106.327,0,"heading to waypoint #0 (1.7, -1.1)",ok,,1.069,-0.581,-45.3,1.045,-0.587,0,ok,0,ok,0,ok,21,21,21,0,0,ok,21,21,21,0,0,ok,3.804,717
7.004,1782024106.827,0,"heading to waypoint #0 (1.7, -1.1)",ok,,1.353,-0.888,-45.8,1.324,-0.879,0,ok,0,ok,0,ok,21,21,21,0,0,ok,21,21,21,0,0,ok,3.707,719
7.504,1782024107.327,0,"heading to waypoint #0 (1.7, -1.1)",ok,,1.55,-1.066,-23.1,1.531,-1.066,0,ok,0,ok,0,ok,7,7,7,0,0,ok,7,7,7,0,0,ok,3.283,719
8.004,1782024107.827,1,"heading to waypoint #1 (1.3, -4.9)",ok,,1.528,-1.06,-57.1,1.539,-1.075,0,ok,0,ok,0,ok,78,29,29,0,0,ok,78,78,78,0,0,ok,5.032,719
8.504,1782024108.327,1,"heading to waypoint #1 (1.3, -4.9)",ok,,1.627,-1.403,-76.6,1.66,-1.43,0,ok,0,ok,0,ok,78,35,35,0,0,ok,78,78,78,0,0,ok,4.701,711
9.004,1782024108.827,1,"heading to waypoint #1 (1.3, -4.9)",ok,,1.705,-1.784,-86.3,1.723,-1.832,0,ok,0,ok,0,ok,67,31,31,0,0,ok,67,67,67,0,0,ok,8.271,710
9.504,1782024109.327,1,"heading to waypoint #1 (1.3, -4.9)",ok,,1.729,-2.203,-87.2,1.755,-2.261,0,ok,0,ok,0,ok,67,41,41,0,0,ok,67,67,67,0,0,ok,7.887,711
10.004,1782024109.827,1,"heading to waypoint #1 (1.3, -4.9)",ok,,1.749,-2.58,-93.9,1.767,-2.645,0,ok,0,ok,0,ok,49,30,30,0,0,ok,49,49,49,0,0,ok,9.215,711
10.504,1782024110.327,1,"heading to waypoint #1 (1.3, -4.9)",ok,,1.711,-2.996,-96.2,1.732,-3.063,0,ok,0,ok,0,ok,49,38,38,0,0,ok,49,49,49,0,0,ok,12.304,714
11.004,1782024110.827,1,"heading to waypoint #1 (1.3, -4.9)",ok,,1.687,-3.397,-97.3,1.693,-3.508,0,ok,0,ok,0,ok,49,45,45,0,0,ok,49,49,49,0,0,ok,11.938,715
11.504,1782024111.327,1,"heading to waypoint #1 (1.3, -4.9)",ok,,1.618,-3.827,-102.3,1.615,-3.923,0,ok,0,ok,0,ok,31,31,31,0,0,ok,31,31,31,0,0,ok,10.26,718
12.004,1782024111.827,1,"heading to waypoint #1 (1.3, -4.9)",ok,,1.548,-4.215,-101.4,1.526,-4.353,0,ok,0,ok,0,ok,31,31,31,0,0,ok,31,31,31,0,0,ok,10.252,717
12.504,1782024112.327,1,"heading to waypoint #1 (1.3, -4.9)",ok,,1.49,-4.653,-102.8,1.434,-4.791,0,ok,0,ok,0,ok,12,12,12,0,0,ok,12,12,12,0,0,ok,10.07,716
13.004,1782024112.827,2,"heading to waypoint #2 (-0.5, -7.3)",ok,,1.423,-4.848,-140.0,1.373,-4.936,0,ok,0,ok,0,ok,51,30,30,0,0,ok,51,51,51,0,0,ok,6.638,719
13.504,1782024113.327,2,"heading to waypoint #2 (-0.5, -7.3)",ok,,1.115,-5.115,-138.6,1.066,-5.204,0,ok,0,ok,0,ok,51,35,35,0,0,ok,51,51,51,0,0,ok,7.46,719
14.004,1782024113.827,2,"heading to waypoint #2 (-0.5, -7.3)",ok,,0.784,-5.418,-139.5,0.736,-5.495,0,ok,0,ok,0,ok,51,40,40,0,0,ok,51,51,51,0,0,ok,7.803,526
14.504,1782024114.327,2,"heading to waypoint #2 (-0.5, -7.3)",ok,,0.519,-5.667,-138.7,0.42,-5.774,0,ok,0,ok,0,ok,39,34,34,0,0,ok,39,39,39,0,0,ok,7.885,514
15.004,1782024114.827,2,"heading to waypoint #2 (-0.5, -7.3)",ok,,0.217,-5.936,-139.2,0.09,-6.065,0,ok,0,ok,0,ok,39,38,38,0,0,ok,39,39,39,0,0,ok,7.221,520
15.504,1782024115.327,2,"heading to waypoint #2 (-0.5, -7.3)",ok,,-0.086,-6.199,-134.9,-0.234,-6.354,0,ok,0,ok,0,ok,27,27,27,0,0,ok,27,27,27,0,0,ok,7.341,503
16.004,1782024115.827,2,"heading to waypoint #2 (-0.5, -7.3)",ok,,-0.381,-6.519,-126.8,-0.532,-6.704,0,ok,0,ok,0,ok,27,27,27,0,0,ok,27,27,27,0,0,ok,7.19,518
16.504,1782024116.327,2,"heading to waypoint #2 (-0.5, -7.3)",ok,,-0.556,-6.872,-116.8,-0.752,-7.048,0,ok,0,ok,0,ok,12,12,12,0,0,ok,12,12,12,0,0,ok,7.079,522
17.004,1782024116.827,2,"heading to waypoint #2 (-0.5, -7.3)",ok,,-0.636,-7.21,-75.2,-0.861,-7.413,0,ok,0,ok,0,ok,12,12,12,0,0,ok,12,12,12,0,0,ok,7.014,525
17.504,1782024117.327,3,"heading to waypoint #3 (-0.5, -11.3)",ok,,-0.609,-7.236,-52.5,-0.793,-7.52,0,ok,0,ok,0,ok,83,30,30,0,0,ok,83,83,83,0,0,ok,8.653,528
18.004,1782024117.827,3,"heading to waypoint #3 (-0.5, -11.3)",ok,,-0.402,-7.596,-67.1,-0.548,-7.854,0,ok,0,ok,0,ok,83,34,34,0,0,ok,83,83,83,0,0,ok,8.577,525
18.504,1782024118.327,3,"heading to waypoint #3 (-0.5, -11.3)",ok,,-0.354,-7.907,-80.1,-0.382,-8.243,0,ok,0,ok,0,ok,70,31,31,0,0,ok,70,70,70,0,0,ok,8.501,527
19.004,1782024118.827,3,"heading to waypoint #3 (-0.5, -11.3)",ok,,-0.3,-8.31,-83.8,-0.25,-8.666,0,ok,0,ok,0,ok,70,36,36,0,0,ok,70,70,70,0,0,ok,8.42,528
19.504,1782024119.327,3,"heading to waypoint #3 (-0.5, -11.3)",ok,,-0.302,-8.671,-86.3,-0.141,-9.089,0,ok,0,ok,0,ok,70,45,45,0,0,ok,70,70,70,0,0,ok,8.339,527
20.004,1782024119.827,3,"heading to waypoint #3 (-0.5, -11.3)",ok,,-0.26,-9.035,-86.1,-0.044,-9.499,0,ok,0,ok,0,ok,53,33,33,0,0,ok,53,53,53,0,0,ok,8.261,526
20.504,1782024120.327,3,"heading to waypoint #3 (-0.5, -11.3)",ok,,-0.35,-9.38,-88.4,0.056,-9.927,0,ok,0,ok,0,ok,53,41,41,0,0,ok,53,53,53,0,0,ok,8.178,528
21.004,1782024120.827,3,"heading to waypoint #3 (-0.5, -11.3)",ok,,-0.334,-9.73,-87.5,0.161,-10.372,0,ok,0,ok,0,ok,37,31,31,0,0,ok,37,37,37,0,0,ok,8.091,524
21.504,1782024121.327,3,"heading to waypoint #3 (-0.5, -11.3)",ok,,-0.343,-10.103,-88.3,0.261,-10.8,0,ok,0,ok,0,ok,37,37,37,0,0,ok,37,37,37,0,0,ok,8.008,525
22.004,1782024121.827,3,"heading to waypoint #3 (-0.5, -11.3)",ok,,-0.334,-10.338,-88.0,0.354,-11.21,0,ok,0,ok,0,ok,22,22,22,0,0,ok,22,22,22,0,0,ok,7.93,527
22.504,1782024122.327,3,"heading to waypoint #3 (-0.5, -11.3)",ok,,-0.185,-10.671,-91.7,0.432,-11.658,0,ok,0,ok,0,ok,22,22,22,0,0,ok,22,22,22,0,0,ok,7.846,529
23.004,1782024122.827,3,"heading to waypoint #3 (-0.5, -11.3)",ok,,-0.263,-10.991,-105.6,0.441,-12.057,0,ok,0,ok,0,ok,22,22,22,0,0,ok,22,22,22,0,0,ok,7.739,528
23.504,1782024123.327,4,"heading to waypoint #4 (-0.5, -12.5)",ok,,-0.123,-11.127,-104.9,0.397,-12.286,0,ok,0,ok,0,ok,33,33,33,0,0,ok,33,33,33,0,0,ok,7.816,528
24.004,1782024123.827,4,"heading to waypoint #4 (-0.5, -12.5)",ok,,-0.175,-11.369,-104.6,0.311,-12.735,0,ok,0,ok,0,ok,33,33,33,0,0,ok,33,33,33,0,0,ok,7.72,526
24.504,1782024124.327,4,"heading to waypoint #4 (-0.5, -12.5)",ok,,-0.134,-11.729,-102.7,0.231,-13.149,0,ok,0,ok,0,ok,18,18,18,0,0,ok,18,18,18,0,0,ok,7.647,526
25.004,1782024124.827,4,"heading to waypoint #4 (-0.5, -12.5)",ok,,-0.172,-11.98,-102.5,0.146,-13.588,0,ok,0,ok,0,ok,18,18,18,0,0,ok,18,18,18,0,0,ok,7.557,526
25.504,1782024125.327,5,"heading to waypoint #5 (1.0, -11.4)",ok,,-0.015,-12.021,-121.8,0.088,-13.781,0,ok,0,ok,0,ok,22,22,22,0,0,ok,22,22,22,0,0,ok,6.78,528
26.004,1782024125.827,5,"heading to waypoint #5 (1.0, -11.4)",ok,,0.116,-12.01,-147.7,0.078,-13.787,0,ok,0,ok,0,ok,22,22,22,0,0,ok,22,22,22,0,0,ok,6.633,523
26.504,1782024126.327,5,"heading to waypoint #5 (1.0, -11.4)",ok,,0.43,-11.83,139.3,-0.026,-13.756,0,ok,0,ok,0,ok,22,22,22,0,0,ok,22,22,22,0,0,ok,6.612,520
27.004,1782024126.827,5,"heading to waypoint #5 (1.0, -11.4)",ok,,0.981,-11.481,78.2,-0.008,-13.556,0,ok,0,ok,0,ok,12,12,12,0,0,ok,12,12,12,0,0,ok,7.312,527
27.504,1782024127.327,5,"heading to waypoint #5 (1.0, -11.4)",ok,,1.017,-11.233,127.4,-0.009,-13.423,0,ok,0,ok,0,ok,12,12,12,0,0,ok,12,12,12,0,0,ok,,525
28.004,1782024127.827,5,"heading to waypoint #5 (1.0, -11.4)",ok,,1.211,-11.16,176.6,-0.164,-13.332,0,ok,0,ok,0,ok,4,4,4,0,0,ok,4,4,4,0,0,ok,8.71,526
28.504,1782024128.327,7,"heading to waypoint #7 (3.6, -12.6)",ok,,1.267,-11.137,177.0,-0.164,-13.332,0,ok,0,ok,0,ok,47,32,32,0,0,ok,47,47,47,0,0,ok,8.631,523
29.004,1782024128.827,7,"heading to waypoint #7 (3.6, -12.6)",ok,,1.359,-11.087,114.9,-0.166,-13.325,0,ok,0,ok,0,ok,47,32,32,0,0,ok,47,47,47,0,0,ok,6.611,514
29.504,1782024129.327,7,"heading to waypoint #7 (3.6, -12.6)",ok,,1.235,-10.941,135.1,-0.166,-13.326,0,ok,0,ok,0,ok,47,32,32,0,0,ok,47,47,47,0,0,ok,6.586,522
30.004,1782024129.827,7,"heading to waypoint #7 (3.6, -12.6)",ok,,1.444,-10.86,113.2,-0.166,-13.325,0,ok,0,ok,0,ok,48,34,34,0,0,ok,48,48,48,0,0,ok,6.637,508
30.505,1782024130.328,7,"heading to waypoint #7 (3.6, -12.6)",ok,,1.348,-10.739,-178.6,-0.224,-13.307,0,ok,0,ok,0,ok,48,33,33,0,0,ok,48,48,48,0,0,ok,9.13,505
31.004,1782024130.827,7,"heading to waypoint #7 (3.6, -12.6)",ok,,1.48,-10.823,-122.2,-0.537,-13.473,0,ok,0,ok,0,ok,46,28,28,0,0,ok,46,46,46,0,0,ok,,524
31.505,1782024131.328,7,"heading to waypoint #7 (3.6, -12.6)",ok,,1.761,-11.103,-86.9,-0.6,-13.88,0,ok,0,ok,0,ok,46,38,38,0,0,ok,46,46,46,0,0,ok,,524
32.004,1782024131.827,7,"heading to waypoint #7 (3.6, -12.6)",ok,,1.813,-11.393,-74.8,-0.557,-14.308,0,ok,0,ok,0,ok,37,28,28,0,0,ok,37,37,37,0,0,ok,,524
32.504,1782024132.327,7,"heading to waypoint #7 (3.6, -12.6)",ok,,2.091,-11.553,-68.7,-0.474,-14.726,0,ok,0,ok,0,ok,37,35,35,0,0,ok,37,37,37,0,0,ok,,525
33.004,1782024132.827,7,"heading to waypoint #7 (3.6, -12.6)",ok,,3.22,-11.93,-50.2,-0.377,-15.141,0,ok,0,ok,0,ok,29,29,29,0,0,ok,29,29,29,0,0,ok,,525
33.504,1782024133.327,7,"heading to waypoint #7 (3.6, -12.6)",ok,,3.488,-12.126,-59.7,-0.306,-15.539,0,ok,0,ok,0,ok,29,29,29,0,0,ok,29,29,29,0,0,ok,,526
34.004,1782024133.827,7,"heading to waypoint #7 (3.6, -12.6)",ok,,2.853,-11.896,-62.4,-0.291,-15.932,0,ok,0,ok,0,ok,29,29,29,0,0,ok,29,29,29,0,0,ok,,527
34.504,1782024134.327,7,"heading to waypoint #7 (3.6, -12.6)",ok,,3.111,-12.061,-60.6,-0.277,-16.394,0,ok,0,ok,0,ok,15,15,15,0,0,ok,15,15,15,0,0,ok,,527
35.004,1782024134.827,7,"heading to waypoint #7 (3.6, -12.6)",ok,,3.649,-12.121,-60.7,-0.318,-16.833,0,ok,0,ok,0,ok,15,15,15,0,0,ok,15,15,15,0,0,ok,,528
35.504,1782024135.327,7,"heading to waypoint #7 (3.6, -12.6)",plan_not_in_local_costmap,plan_not_in_local_costmap,5.469,-12.108,-74.2,-0.428,-17.138,0,ok,0,ok,0,ok,13,0,0,0,0,ok,13,13,13,0,0,ok,,524
36.004,1782024135.827,7,"heading to waypoint #7 (3.6, -12.6)",plan_not_in_local_costmap,plan_not_in_local_costmap,5.696,-11.881,-74.6,-0.437,-17.146,0,ok,0,ok,0,ok,13,0,0,0,0,ok,13,13,13,0,0,ok,7.859,527
36.504,1782024136.327,7,"heading to waypoint #7 (3.6, -12.6)",ok,,5.696,-11.881,-74.6,-0.437,-17.146,0,ok,0,ok,0,ok,43,40,40,0,0,ok,43,43,43,0,0,ok,7.859,527
37.004,1782024136.827,7,"heading to waypoint #7 (3.6, -12.6)",ok,,6.459,-11.783,-89.5,-0.704,-17.238,0,ok,0,ok,0,ok,43,20,20,0,0,ok,43,43,43,0,0,ok,8.41,524
37.504,1782024137.327,7,"heading to waypoint #7 (3.6, -12.6)",ok,,6.286,-11.954,-107.5,-1.069,-17.235,0,ok,0,ok,0,ok,43,21,21,0,0,ok,43,43,43,0,0,ok,8.385,524
38.004,1782024137.827,7,"heading to waypoint #7 (3.6, -12.6)",ok,,6.662,-11.875,-127.4,-1.388,-17.056,0,ok,0,ok,0,ok,55,20,20,0,0,ok,55,55,55,0,0,ok,8.362,525
38.504,1782024138.327,7,"heading to waypoint #7 (3.6, -12.6)",ok,,6.431,-12.076,-142.4,-1.645,-16.777,0,ok,0,ok,0,ok,55,27,27,0,0,ok,55,55,55,0,0,ok,8.337,525
39.004,1782024138.827,7,"heading to waypoint #7 (3.6, -12.6)",ok,,6.054,-12.244,-157.8,-1.834,-16.427,0,ok,0,ok,0,ok,55,32,32,0,0,ok,55,55,55,0,0,ok,8.31,526
39.504,1782024139.327,7,"heading to waypoint #7 (3.6, -12.6)",ok,,5.782,-12.232,-163.6,-1.954,-16.035,0,ok,0,ok,0,ok,55,39,39,0,0,ok,55,55,55,0,0,ok,8.283,525
40.004,1782024139.827,7,"heading to waypoint #7 (3.6, -12.6)",ok,,5.507,-12.281,-166.4,-2.031,-15.653,0,ok,0,ok,0,ok,40,28,28,0,0,ok,40,40,40,0,0,ok,8.256,525
40.504,1782024140.327,7,"heading to waypoint #7 (3.6, -12.6)",ok,,4.943,-12.175,-169.8,-2.086,-15.316,0,ok,0,ok,0,ok,40,34,34,0,0,ok,40,40,40,0,0,ok,8.233,524
41.004,1782024140.827,7,"heading to waypoint #7 (3.6, -12.6)",ok,,4.637,-12.147,-175.8,-2.142,-14.901,0,ok,0,ok,0,ok,40,40,40,0,0,ok,40,40,40,0,0,ok,8.203,524
41.504,1782024141.327,7,"heading to waypoint #7 (3.6, -12.6)",ok,,4.236,-12.066,-166.8,-2.215,-14.495,0,ok,0,ok,0,ok,21,21,21,0,0,ok,21,21,21,0,0,ok,8.179,524
42.004,1782024141.827,7,"heading to waypoint #7 (3.6, -12.6)",ok,,3.783,-11.863,-154.7,-2.427,-14.148,0,ok,0,ok,0,ok,21,21,21,0,0,ok,21,21,21,0,0,ok,8.152,523
42.504,1782024142.327,8,"heading to waypoint #8 (3.6, -11.3)",ok,,3.506,-11.459,-153.2,-2.567,-14.016,0,ok,0,ok,0,ok,10,10,10,0,0,ok,10,10,10,0,0,ok,8.325,525
43.004,1782024142.827,8,"heading to waypoint #8 (3.6, -11.3)",ok,,3.506,-11.459,-158.1,-2.567,-14.016,0,ok,0,ok,0,ok,10,10,10,0,0,ok,10,10,10,0,0,ok,7.369,527
43.504,1782024143.327,8,"heading to waypoint #8 (3.6, -11.3)",ok,,3.506,-11.459,-158.4,-2.567,-14.016,0,ok,0,ok,0,ok,10,10,10,0,0,ok,10,10,10,0,0,ok,7.314,526
44.004,1782024143.827,9,"heading to waypoint #9 (1.7, -8.1)",ok,,3.506,-11.459,-157.6,-2.567,-14.016,0,ok,0,ok,0,ok,68,23,23,0,0,ok,68,68,68,0,0,ok,7.435,526
44.504,1782024144.327,9,"heading to waypoint #9 (1.7, -8.1)",ok,,3.126,-11.197,161.1,-2.664,-13.801,0,ok,0,ok,0,ok,68,37,37,0,0,ok,68,68,68,0,0,ok,7.944,528
45.004,1782024144.827,9,"heading to waypoint #9 (1.7, -8.1)",ok,,2.509,-10.345,132.8,-2.805,-13.351,0,ok,0,ok,0,ok,68,53,53,0,0,ok,68,68,68,0,0,ok,7.893,527
45.504,1782024145.327,9,"heading to waypoint #9 (1.7, -8.1)",ok,,2.114,-9.541,117.5,-2.9,-12.929,0,ok,0,ok,0,ok,45,44,44,0,0,ok,45,45,45,0,0,ok,7.852,527
46.004,1782024145.827,9,"heading to waypoint #9 (1.7, -8.1)",ok,,1.706,-8.816,112.8,-2.991,-12.502,0,ok,0,ok,0,ok,45,41,41,0,0,ok,45,45,45,0,0,ok,7.812,525
46.504,1782024146.327,9,"heading to waypoint #9 (1.7, -8.1)",ok,,1.621,-8.229,71.0,-3.018,-12.263,0,ok,0,ok,0,ok,7,7,7,0,0,ok,7,7,7,0,0,ok,6.475,527
47.005,1782024146.827,10,"heading to waypoint #10 (0.9, -7.3)",ok,,1.607,-8.147,100.2,-3.02,-12.216,0,ok,0,ok,0,ok,19,19,19,0,0,ok,19,19,19,0,0,ok,8.624,526
47.504,1782024147.327,10,"heading to waypoint #10 (0.9, -7.3)",ok,,1.478,-7.582,109.9,-3.087,-11.806,0,ok,0,ok,0,ok,19,19,19,0,0,ok,19,19,19,0,0,ok,8.67,526
48.004,1782024147.827,10,"heading to waypoint #10 (0.9, -7.3)",ok,,1.381,-7.19,135.4,-3.259,-11.48,0,ok,0,ok,0,ok,13,13,13,0,0,ok,13,13,13,0,0,ok,,524
48.504,1782024148.327,10,"heading to waypoint #10 (0.9, -7.3)",ok,,1.141,-6.968,166.6,-3.584,-11.39,0,ok,0,ok,0,ok,13,13,13,0,0,ok,13,13,13,0,0,ok,,525
49.004,1782024148.827,11,"heading to waypoint #11 (3.2, -4.3)",ok,,1.084,-6.971,-177.2,-3.687,-11.392,0,ok,0,ok,0,ok,54,27,27,0,0,ok,54,54,54,0,0,ok,,529
49.504,1782024149.327,11,"heading to waypoint #11 (3.2, -4.3)",ok,,1.04,-6.985,111.9,-3.687,-11.392,0,ok,0,ok,0,ok,54,28,28,0,0,ok,54,54,54,0,0,ok,6.521,523
50.004,1782024149.827,11,"heading to waypoint #11 (3.2, -4.3)",ok,,1.267,-6.595,65.5,-3.648,-11.076,0,ok,0,ok,0,ok,46,24,24,0,0,ok,46,46,46,0,0,ok,7.994,525
50.504,1782024150.327,11,"heading to waypoint #11 (3.2, -4.3)",ok,,1.45,-6.279,61.9,-3.51,-10.659,0,ok,0,ok,0,ok,46,32,32,0,0,ok,46,46,46,0,0,ok,7.961,526
51.004,1782024150.827,11,"heading to waypoint #11 (3.2, -4.3)",ok,,1.546,-6.151,57.5,-3.339,-10.304,0,ok,0,ok,0,ok,46,36,36,0,0,ok,46,46,46,0,0,ok,7.934,527
51.504,1782024151.327,11,"heading to waypoint #11 (3.2, -4.3)",ok,,1.798,-5.807,52.1,-3.092,-9.948,0,ok,0,ok,0,ok,37,35,35,0,0,ok,37,37,37,0,0,ok,7.906,528
52.004,1782024151.827,11,"heading to waypoint #11 (3.2, -4.3)",ok,,2.062,-5.492,50.9,-2.814,-9.6,0,ok,0,ok,0,ok,37,37,37,0,0,ok,37,37,37,0,0,ok,7.876,528
52.504,1782024152.327,11,"heading to waypoint #11 (3.2, -4.3)",ok,,2.208,-5.229,46.2,-2.556,-9.318,0,ok,0,ok,0,ok,22,22,22,0,0,ok,22,22,22,0,0,ok,7.849,528
53.004,1782024152.827,11,"heading to waypoint #11 (3.2, -4.3)",ok,,2.447,-4.97,47.6,-2.253,-9.037,0,ok,0,ok,0,ok,22,22,22,0,0,ok,22,22,22,0,0,ok,7.82,527
53.504,1782024153.327,11,"heading to waypoint #11 (3.2, -4.3)",ok,,2.591,-4.68,41.2,-1.909,-8.765,0,ok,0,ok,0,ok,15,15,15,0,0,ok,15,15,15,0,0,ok,7.792,527
54.004,1782024153.827,11,"heading to waypoint #11 (3.2, -4.3)",ok,,2.746,-4.402,35.5,-1.521,-8.576,0,ok,0,ok,0,ok,15,15,15,0,0,ok,15,15,15,0,0,ok,7.762,527
54.504,1782024154.327,12,"heading to waypoint #12 (3.6, -4.0)",ok,,2.635,-4.25,27.2,-1.338,-8.531,0,ok,0,ok,0,ok,19,19,19,0,0,ok,19,19,19,0,0,ok,7.49,529
55.004,1782024154.827,12,"heading to waypoint #12 (3.6, -4.0)",ok,,2.922,-4.032,25.4,-0.919,-8.519,0,ok,0,ok,0,ok,19,19,19,0,0,ok,19,19,19,0,0,ok,7.444,528
55.505,1782024155.327,13,"heading to waypoint #13 (4.7, -0.3)",ok,,3.111,-3.911,14.1,-0.61,-8.538,0,ok,0,ok,0,ok,73,26,26,0,0,ok,73,73,70,0,0,ok,7.19,528
56.004,1782024155.827,13,"heading to waypoint #13 (4.7, -0.3)",ok,,3.274,-3.768,27.5,-0.29,-8.581,0,ok,0,ok,0,ok,73,31,31,0,0,ok,73,73,70,0,0,ok,7.35,529
56.504,1782024156.327,13,"heading to waypoint #13 (4.7, -0.3)",ok,,3.463,-3.368,33.6,0.136,-8.573,0,ok,0,ok,0,ok,73,46,46,0,0,ok,73,73,70,0,0,ok,7.304,528
57.004,1782024156.827,13,"heading to waypoint #13 (4.7, -0.3)",ok,,3.696,-3.077,37.8,0.572,-8.556,0,ok,0,ok,0,ok,61,34,34,0,0,ok,61,61,58,0,0,ok,7.259,530
57.504,1782024157.327,13,"heading to waypoint #13 (4.7, -0.3)",ok,,3.684,-2.691,48.9,0.992,-8.503,0,ok,0,ok,0,ok,61,39,39,0,0,ok,61,61,58,0,0,ok,7.213,527
58.004,1782024157.827,13,"heading to waypoint #13 (4.7, -0.3)",ok,,3.566,-2.335,55.5,1.427,-8.44,0,ok,0,ok,0,ok,44,27,27,0,0,ok,44,44,41,0,0,ok,7.164,527
58.504,1782024158.327,13,"heading to waypoint #13 (4.7, -0.3)",ok,,3.566,-1.977,54.4,1.838,-8.396,0,ok,0,ok,0,ok,44,32,32,0,0,ok,44,44,41,0,0,ok,7.121,527
59.004,1782024158.827,13,"heading to waypoint #13 (4.7, -0.3)",ok,,3.532,-1.678,55.4,2.286,-8.392,0,ok,0,ok,0,ok,29,21,21,0,0,ok,29,29,29,0,0,ok,7.076,528
59.504,1782024159.327,13,"heading to waypoint #13 (4.7, -0.3)",ok,,3.546,-1.27,50.1,2.699,-8.441,0,ok,0,ok,0,ok,29,29,29,0,0,ok,29,29,29,0,0,ok,7.027,528
60.004,1782024159.827,13,"heading to waypoint #13 (4.7, -0.3)",ok,,3.565,-1.015,43.3,3.12,-8.569,0,ok,0,ok,0,ok,29,29,29,0,0,ok,29,29,29,0,0,ok,6.983,530
60.504,1782024160.327,13,"heading to waypoint #13 (4.7, -0.3)",ok,,3.531,-0.428,37.7,3.509,-8.76,0,ok,0,ok,0,ok,23,23,23,0,0,ok,23,23,23,0,0,ok,6.938,529
61.004,1782024160.827,13,"heading to waypoint #13 (4.7, -0.3)",ok,,3.861,-0.32,20.4,3.837,-9.038,0,ok,0,ok,0,ok,23,23,23,0,0,ok,23,23,23,0,0,ok,6.89,525
61.504,1782024161.327,13,"heading to waypoint #13 (4.7, -0.3)",ok,,4.366,-0.557,12.7,4.103,-9.398,0,ok,0,ok,0,ok,14,14,14,0,0,ok,14,14,14,0,0,ok,6.846,525
62.004,1782024161.827,14,"heading to waypoint #14 (7.5, 0.4)",ok,,4.37,-0.204,14.6,4.234,-9.572,0,ok,0,ok,0,ok,63,35,35,0,0,ok,63,63,63,0,0,ok,6.821,529
62.504,1782024162.327,14,"heading to waypoint #14 (7.5, 0.4)",ok,,4.757,-0.146,2.5,4.424,-9.914,0,ok,0,ok,0,ok,63,41,41,0,0,ok,63,63,63,0,0,ok,6.782,530
63.004,1782024162.827,14,"heading to waypoint #14 (7.5, 0.4)",ok,,5.07,-0.181,3.9,4.594,-10.317,0,ok,0,ok,0,ok,63,47,47,0,0,ok,63,63,63,0,0,ok,6.737,526
63.504,1782024163.327,14,"heading to waypoint #14 (7.5, 0.4)",ok,,5.469,-0.033,13.9,4.817,-10.689,0,ok,0,ok,0,ok,50,38,38,0,0,ok,50,50,50,0,0,ok,6.69,528
64.004,1782024163.827,14,"heading to waypoint #14 (7.5, 0.4)",ok,,5.653,0.035,8.6,5.027,-11.075,0,ok,0,ok,0,ok,50,43,43,0,0,ok,50,50,50,0,0,ok,6.643,530
64.504,1782024164.327,14,"heading to waypoint #14 (7.5, 0.4)",pose_global_lethal_static_free,"pose_global_lethal,pose_global_lethal_static_free",4.936,1.289,12.1,5.209,-11.43,0,ok,100,ok,0,ok,36,33,33,0,0,ok,36,36,36,0,0,ok,6.586,529
65.004,1782024164.827,14,"heading to waypoint #14 (7.5, 0.4)",ok,,6.057,0.18,1.2,5.28,-11.652,0,ok,0,ok,0,ok,36,36,36,0,0,ok,36,36,36,0,0,ok,6.534,529
65.504,1782024165.327,14,"heading to waypoint #14 (7.5, 0.4)",ok,,6.601,0.133,1.6,5.403,-12.051,0,ok,0,ok,0,ok,23,23,23,0,0,ok,23,23,23,0,0,ok,6.492,527
66.004,1782024165.827,14,"heading to waypoint #14 (7.5, 0.4)",ok,,6.527,0.153,-1.1,5.533,-12.471,0,ok,0,ok,0,ok,23,23,23,0,0,ok,23,23,23,0,0,ok,6.439,527
66.504,1782024166.327,14,"heading to waypoint #14 (7.5, 0.4)",ok,,7.594,-0.164,8.0,5.648,-12.824,0,ok,0,ok,0,ok,13,13,13,0,0,ok,13,13,13,0,0,ok,7.303,534
67.004,1782024166.827,14,"heading to waypoint #14 (7.5, 0.4)",plan_not_in_local_costmap,plan_not_in_local_costmap,5.856,2.458,100.5,5.738,-12.898,0,ok,0,ok,0,ok,13,0,0,0,0,ok,13,13,13,0,0,ok,,513
67.504,1782024167.327,14,"heading to waypoint #14 (7.5, 0.4)",plan_not_in_local_costmap,plan_not_in_local_costmap,5.882,1.945,152.7,5.738,-12.898,0,ok,0,ok,0,ok,13,0,0,0,0,ok,13,13,13,0,0,ok,6.661,525
68.004,1782024167.827,14,"heading to waypoint #14 (7.5, 0.4)",ok,,5.686,2.017,164.5,5.738,-12.898,-1,ok,-1,ok,0,ok,38,17,17,0,0,ok,38,38,37,0,1,ok,6.67,531
68.504,1782024168.327,14,"heading to waypoint #14 (7.5, 0.4)",plan_not_in_local_costmap,plan_not_in_local_costmap,-0.782,3.231,-87.4,5.738,-12.898,0,ok,0,ok,0,ok,38,0,0,0,0,ok,38,38,37,0,1,ok,5.694,527
69.004,1782024168.827,14,"heading to waypoint #14 (7.5, 0.4)",plan_not_in_local_costmap,plan_not_in_local_costmap,-0.782,3.231,-87.4,5.738,-12.898,0,ok,0,ok,0,ok,38,0,0,0,0,ok,38,38,37,0,1,ok,5.694,527
69.504,1782024169.327,14,"heading to waypoint #14 (7.5, 0.4)",plan_not_in_local_costmap,plan_not_in_local_costmap,-0.782,3.231,-87.4,5.738,-12.898,0,ok,0,ok,0,ok,38,0,0,0,0,ok,38,38,37,0,1,ok,6.664,527
70.004,1782024169.827,14,"heading to waypoint #14 (7.5, 0.4)",plan_not_in_local_costmap,plan_not_in_local_costmap,-0.782,3.231,-87.4,5.738,-12.898,0,ok,0,ok,0,ok,38,0,0,0,0,ok,38,38,37,0,1,ok,6.664,525
70.504,1782024170.327,14,"heading to waypoint #14 (7.5, 0.4)",plan_not_in_local_costmap,plan_not_in_local_costmap,-0.782,3.231,-87.4,5.738,-12.898,0,ok,0,ok,0,ok,38,0,0,0,0,ok,38,38,37,0,1,ok,6.664,525
71.004,1782024170.827,14,"heading to waypoint #14 (7.5, 0.4)",plan_not_in_local_costmap,plan_not_in_local_costmap,-0.782,3.231,-87.4,5.738,-12.898,0,ok,0,ok,0,ok,38,0,0,0,0,ok,38,38,37,0,1,ok,6.664,525
71.504,1782024171.327,14,"heading to waypoint #14 (7.5, 0.4)",plan_not_in_local_costmap,plan_not_in_local_costmap,-0.782,3.231,-87.4,5.738,-12.898,0,ok,0,ok,0,ok,38,0,0,0,0,ok,38,38,37,0,1,ok,6.664,525
72.004,1782024171.827,14,"heading to waypoint #14 (7.5, 0.4)",plan_not_in_local_costmap,plan_not_in_local_costmap,-0.782,3.231,-87.4,5.738,-12.898,0,ok,0,ok,0,ok,38,0,0,0,0,ok,38,38,37,0,1,ok,6.664,525
72.504,1782024172.327,14,"heading to waypoint #14 (7.5, 0.4)",plan_not_in_local_costmap,plan_not_in_local_costmap,-0.782,3.231,-87.4,5.738,-12.898,0,ok,0,ok,0,ok,38,0,0,0,0,ok,38,38,37,0,1,ok,6.664,525
73.004,1782024172.827,14,"heading to waypoint #14 (7.5, 0.4)",plan_not_in_local_costmap,plan_not_in_local_costmap,-0.782,3.231,-87.4,5.738,-12.898,0,ok,0,ok,0,ok,38,0,0,0,0,ok,38,38,37,0,1,ok,6.664,525
73.504,1782024173.327,14,"heading to waypoint #14 (7.5, 0.4)",plan_not_in_local_costmap,plan_not_in_local_costmap,-0.782,3.231,-87.4,5.738,-12.898,0,ok,0,ok,0,ok,38,0,0,0,0,ok,38,38,37,0,1,ok,6.664,525
74.005,1782024173.828,14,"heading to waypoint #14 (7.5, 0.4)",ok,,-0.774,3.139,-83.9,5.721,-12.807,0,ok,0,ok,0,ok,167,28,28,0,0,ok,167,167,157,0,0,ok,6.611,530
74.504,1782024174.327,14,"heading to waypoint #14 (7.5, 0.4)",ok,,3.671,2.843,-116.3,5.679,-12.658,0,ok,58,ok,0,ok,167,20,20,0,0,ok,167,167,157,0,0,ok,7.059,531
75.005,1782024174.828,14,"heading to waypoint #14 (7.5, 0.4)",ok,,3.691,2.885,-116.3,5.702,-12.699,0,ok,50,ok,0,ok,167,20,20,0,0,ok,167,167,157,0,0,ok,8.795,527
75.504,1782024175.327,14,"heading to waypoint #14 (7.5, 0.4)",ok,,3.721,2.944,-116.3,5.734,-12.757,0,ok,44,ok,0,ok,167,19,19,0,0,ok,167,167,157,0,0,ok,8.847,526
76.005,1782024175.828,15,"heading to waypoint #15 (11.5, 0.4)",ok,,3.77,3.045,-116.3,5.788,-12.855,0,ok,0,ok,0,ok,167,16,16,0,0,ok,167,167,157,0,0,ok,6.12,715
76.504,1782024176.327,15,"heading to waypoint #15 (11.5, 0.4)",ok,,2.798,3.999,-87.4,5.826,-12.923,0,ok,78,ok,0,ok,179,31,31,0,0,ok,179,179,158,0,7,ok,5.44,710
77.004,1782024176.827,15,"heading to waypoint #15 (11.5, 0.4)",plan_not_in_local_costmap,plan_not_in_local_costmap,2.711,3.868,-50.9,5.687,-12.811,0,ok,57,ok,0,ok,179,0,0,0,0,ok,179,179,158,0,7,ok,5.511,710
77.505,1782024177.328,15,"heading to waypoint #15 (11.5, 0.4)",ok,,0.188,3.668,-20.9,5.645,-12.792,0,ok,0,ok,0,ok,236,28,28,0,0,ok,236,236,222,0,0,ok,6.267,709
78.005,1782024177.828,15,"heading to waypoint #15 (11.5, 0.4)",ok,,0.447,3.534,-34.9,5.376,-12.678,0,ok,0,ok,0,ok,236,27,27,0,0,ok,236,236,222,0,0,ok,5.356,700
78.505,1782024178.328,15,"heading to waypoint #15 (11.5, 0.4)",ok,,1.529,3.34,-69.1,5.096,-12.387,0,ok,0,ok,0,ok,236,38,38,0,0,ok,236,236,222,0,0,ok,5.901,524
79.004,1782024178.827,15,"heading to waypoint #15 (11.5, 0.4)",ok,,1.516,3.149,-66.9,4.909,-12.128,0,ok,0,ok,0,ok,201,31,31,0,0,ok,201,201,187,0,7,ok,7.738,524
79.505,1782024179.327,15,"heading to waypoint #15 (11.5, 0.4)",ok,,1.676,3.056,-30.9,4.653,-12.07,0,ok,0,ok,0,ok,201,36,36,0,0,ok,201,201,187,0,7,ok,7.764,522
80.004,1782024179.827,15,"heading to waypoint #15 (11.5, 0.4)",ok,,1.981,2.796,-26.6,4.237,-12.047,0,ok,66,ok,0,ok,195,38,38,0,0,ok,195,195,178,0,7,ok,7.45,526
80.504,1782024180.327,15,"heading to waypoint #15 (11.5, 0.4)",pose_global_lethal_static_free,"pose_global_lethal,pose_global_lethal_static_free",2.344,2.667,-23.4,3.816,-12.078,0,ok,99,ok,0,ok,195,47,47,0,0,ok,195,195,178,0,7,ok,7.124,527
81.004,1782024180.827,15,"heading to waypoint #15 (11.5, 0.4)",ok,,2.748,2.565,-4.2,3.42,-12.205,0,ok,57,ok,0,ok,180,34,34,0,0,ok,180,180,160,0,7,ok,6.808,528
81.505,1782024181.327,15,"heading to waypoint #15 (11.5, 0.4)",ok,,3.006,2.566,9.4,3.109,-12.412,0,ok,78,ok,0,ok,180,39,39,0,0,ok,180,180,160,0,7,ok,6.523,527
82.004,1782024181.827,15,"heading to waypoint #15 (11.5, 0.4)",ok,,3.336,2.755,25.3,2.824,-12.729,0,ok,55,ok,0,ok,180,45,45,0,0,ok,180,180,160,0,7,ok,6.203,532
82.504,1782024182.327,15,"heading to waypoint #15 (11.5, 0.4)",ok,,3.544,2.897,28.7,2.587,-13.091,0,ok,46,ok,0,ok,167,40,40,0,0,ok,167,167,147,0,7,ok,5.864,529
83.004,1782024182.827,15,"heading to waypoint #15 (11.5, 0.4)",ok,,3.757,3.055,21.7,2.336,-13.404,0,ok,0,ok,0,ok,167,43,43,0,0,ok,167,167,147,0,7,ok,5.544,530
83.505,1782024183.328,15,"heading to waypoint #15 (11.5, 0.4)",ok,,4.01,3.147,20.8,2.059,-13.733,0,ok,0,ok,0,ok,154,35,35,0,0,ok,154,154,138,0,7,ok,5.19,529
84.004,1782024183.827,15,"heading to waypoint #15 (11.5, 0.4)",ok,,4.222,3.183,18.5,1.783,-14.037,0,ok,0,ok,0,ok,154,33,33,0,0,ok,154,154,138,0,7,ok,4.868,529
84.505,1782024184.328,15,"heading to waypoint #15 (11.5, 0.4)",ok,,4.442,3.328,11.4,1.46,-14.325,0,ok,0,ok,0,ok,146,30,30,0,0,ok,146,146,134,0,5,ok,4.544,535
85.005,1782024184.828,15,"heading to waypoint #15 (11.5, 0.4)",ok,,5.007,4.405,23.3,1.124,-14.584,0,ok,0,ok,0,ok,146,36,36,0,0,ok,146,146,134,0,5,ok,4.187,537
85.504,1782024185.327,15,"heading to waypoint #15 (11.5, 0.4)",ok,,4.781,3.277,-11.1,0.795,-14.701,0,ok,0,ok,0,ok,146,29,29,0,0,ok,146,146,134,0,5,ok,3.95,537
86.004,1782024185.827,15,"heading to waypoint #15 (11.5, 0.4)",pose_global_lethal_static_free,"pose_global_lethal,pose_global_lethal_static_free",5.721,4.6,-20.4,0.396,-14.764,0,ok,99,ok,0,ok,136,19,19,0,0,ok,136,136,120,0,7,ok,3.643,543
86.504,1782024186.327,15,"heading to waypoint #15 (11.5, 0.4)",ok,,5.382,4.414,-27.5,0.023,-14.633,0,ok,53,ok,0,ok,136,30,30,0,0,ok,136,136,120,0,7,ok,3.158,546
87.004,1782024186.827,15,"heading to waypoint #15 (11.5, 0.4)",ok,,5.231,3.779,-32.2,-0.28,-14.47,0,ok,0,ok,0,ok,139,37,11,16,0,ok,139,139,116,0,8,ok,3.1,541
87.504,1782024187.327,15,"heading to waypoint #15 (11.5, 0.4)",ok,,5.482,2.889,-31.3,-0.648,-14.303,0,ok,82,ok,0,ok,139,48,29,8,0,ok,139,139,116,0,8,ok,2.796,554
88.004,1782024187.827,15,"heading to waypoint #15 (11.5, 0.4)",ok,,5.745,3.721,-16.5,-1.056,-14.16,0,ok,0,ok,61,ok,120,34,34,0,0,ok,120,120,108,0,8,ok,2.435,540
88.504,1782024188.327,15,"heading to waypoint #15 (11.5, 0.4)",ok,,6.164,3.431,-28.9,-1.435,-13.971,0,ok,0,ok,78,ok,120,42,33,4,0,ok,120,120,108,0,8,ok,2.114,485
89.004,1782024188.827,15,"heading to waypoint #15 (11.5, 0.4)",ok,,6.304,3.314,-45.3,-1.738,-13.693,0,ok,66,ok,49,ok,118,37,37,0,0,ok,118,118,97,0,8,ok,1.803,541
89.504,1782024189.327,15,"heading to waypoint #15 (11.5, 0.4)",pose_global_lethal_static_free,"pose_global_lethal,pose_global_lethal_static_free",6.47,3.205,-60.4,-1.939,-13.359,0,ok,91,ok,0,ok,118,28,28,0,0,ok,118,118,97,0,8,ok,1.506,556
90.004,1782024189.827,15,"heading to waypoint #15 (11.5, 0.4)",pose_global_lethal_static_free,"pose_global_lethal,pose_global_lethal_static_free",6.649,3.611,-69.3,-2.041,-13.004,0,ok,99,ok,0,ok,118,32,25,3,0,ok,118,118,97,0,8,ok,1.212,557
90.504,1782024190.327,15,"heading to waypoint #15 (11.5, 0.4)",pose_static_lethal,"pose_static_lethal,pose_global_lethal",6.687,3.572,-75.0,-2.067,-12.589,100,ok,100,ok,0,ok,118,5,5,0,0,ok,118,118,97,0,8,ok,1.023,549
91.004,1782024190.827,16,"heading to waypoint #16 (12.6, 0.5)",plan_not_in_local_costmap,plan_not_in_local_costmap,6.986,4.986,-16.0,-2.068,-12.495,0,ok,0,ok,0,ok,118,0,0,0,0,ok,118,118,97,0,8,ok,1.02,567
91.504,1782024191.327,16,"heading to waypoint #16 (12.6, 0.5)",plan_not_in_local_costmap,plan_not_in_local_costmap,6.987,5.438,34.9,-2.068,-12.495,0,ok,0,ok,0,ok,118,0,0,0,0,ok,118,118,97,0,8,ok,1.041,589
92.004,1782024191.827,16,"heading to waypoint #16 (12.6, 0.5)",ok,,7.004,5.781,4.4,-2.07,-12.494,0,ok,0,ok,0,ok,133,31,31,0,0,ok,133,133,112,0,9,ok,0.999,553
92.504,1782024192.327,16,"heading to waypoint #16 (12.6, 0.5)",ok,,7.29,6.17,-43.6,-2.189,-12.266,0,ok,0,ok,0,ok,133,19,10,4,0,ok,133,133,112,0,9,ok,1.003,573
93.004,1782024192.827,16,"heading to waypoint #16 (12.6, 0.5)",ok,,7.514,5.898,-56.6,-2.295,-11.899,0,ok,43,ok,0,ok,141,32,13,11,0,ok,141,141,120,0,9,ok,0.989,567
93.505,1782024193.328,16,"heading to waypoint #16 (12.6, 0.5)",ok,,7.701,5.553,-66.5,-2.318,-11.485,0,ok,61,ok,0,ok,141,41,21,12,0,ok,141,141,120,0,9,ok,0.996,572
94.004,1782024193.827,16,"heading to waypoint #16 (12.6, 0.5)",ok,,7.758,5.192,-79.7,-2.284,-11.106,0,ok,66,ok,0,ok,125,29,9,11,0,ok,125,125,98,0,9,ok,0.997,554
94.504,1782024194.327,16,"heading to waypoint #16 (12.6, 0.5)",ok,,7.747,4.788,-89.8,-2.178,-10.693,0,ok,43,ok,0,ok,125,37,17,10,0,ok,125,125,98,0,9,ok,0.977,572
95.004,1782024194.827,16,"heading to waypoint #16 (12.6, 0.5)",ok,,7.691,4.392,-86.8,-2.055,-10.297,0,ok,0,ok,0,ok,125,42,25,5,0,ok,125,125,98,0,9,ok,0.831,707
95.505,1782024195.328,16,"heading to waypoint #16 (12.6, 0.5)",ok,,7.669,4.102,-67.0,-2.06,-9.943,0,ok,0,ok,43,ok,107,31,7,18,0,ok,107,107,87,0,9,ok,0.557,702
96.005,1782024195.828,16,"heading to waypoint #16 (12.6, 0.5)",ok,,7.771,3.772,-39.9,-2.168,-9.576,0,ok,73,ok,85,ok,107,34,12,12,0,ok,107,107,87,0,9,ok,0.34,640
96.505,1782024196.327,16,"heading to waypoint #16 (12.6, 0.5)",pose_global_lethal_static_free,"pose_global_lethal,pose_global_lethal_static_free",7.47,3.662,-12.6,-2.37,-9.482,0,ok,99,ok,77,ok,107,30,28,0,0,ok,107,107,87,0,9,ok,1.593,663
97.004,1782024196.827,16,"heading to waypoint #16 (12.6, 0.5)",pose_global_lethal_static_free,"pose_global_lethal,pose_global_lethal_static_free",7.497,3.635,-9.9,-2.547,-9.452,0,ok,99,ok,65,ok,107,33,33,0,0,ok,107,107,87,0,9,ok,2.716,705
97.504,1782024197.327,16,"heading to waypoint #16 (12.6, 0.5)",pose_global_lethal_static_free,"pose_global_lethal,pose_global_lethal_static_free",7.497,3.635,-9.9,-2.547,-9.452,0,ok,99,ok,65,ok,107,33,33,0,0,ok,107,107,87,0,9,ok,2.716,705
98.004,1782024197.827,16,"heading to waypoint #16 (12.6, 0.5)",pose_global_lethal_static_free,"pose_global_lethal,pose_global_lethal_static_free",7.497,3.635,-9.9,-2.547,-9.452,0,ok,99,ok,65,ok,107,33,33,0,0,ok,107,107,87,0,9,ok,2.716,705
98.504,1782024198.327,16,"heading to waypoint #16 (12.6, 0.5)",pose_global_lethal_static_free,"pose_global_lethal,pose_global_lethal_static_free",7.497,3.635,-9.9,-2.547,-9.452,0,ok,99,ok,65,ok,107,33,33,0,0,ok,107,107,87,0,9,ok,2.716,705
99.005,1782024198.828,16,"heading to waypoint #16 (12.6, 0.5)",pose_global_lethal_static_free,"pose_global_lethal,pose_global_lethal_static_free",7.497,3.635,-9.9,-2.547,-9.452,0,ok,99,ok,65,ok,107,33,33,0,0,ok,107,107,87,0,9,ok,2.716,705
99.504,1782024199.327,16,"heading to waypoint #16 (12.6, 0.5)",pose_global_lethal_static_free,"pose_global_lethal,pose_global_lethal_static_free",7.497,3.635,-9.9,-2.547,-9.452,0,ok,99,ok,65,ok,107,33,33,0,0,ok,107,107,87,0,9,ok,2.716,705
100.005,1782024199.828,16,"heading to waypoint #16 (12.6, 0.5)",pose_global_lethal_static_free,"pose_global_lethal,pose_global_lethal_static_free",7.497,3.635,-9.9,-2.547,-9.452,0,ok,99,ok,65,ok,107,33,33,0,0,ok,107,107,87,0,9,ok,2.716,705
100.504,1782024200.327,16,"heading to waypoint #16 (12.6, 0.5)",pose_global_lethal_static_free,"pose_global_lethal,pose_global_lethal_static_free",7.497,3.635,-9.9,-2.547,-9.452,0,ok,99,ok,65,ok,107,33,33,0,0,ok,107,107,87,0,9,ok,2.716,705
101.004,1782024200.827,16,"heading to waypoint #16 (12.6, 0.5)",pose_global_lethal_static_free,"pose_global_lethal,pose_global_lethal_static_free",7.497,3.635,-9.9,-2.547,-9.452,0,ok,99,ok,65,ok,107,33,33,0,0,ok,107,107,87,0,9,ok,2.716,705
101.505,1782024201.328,16,"heading to waypoint #16 (12.6, 0.5)",pose_global_lethal_static_free,"pose_global_lethal,pose_global_lethal_static_free",7.497,3.635,-9.9,-2.547,-9.452,0,ok,99,ok,65,ok,107,33,33,0,0,ok,107,107,87,0,9,ok,2.716,705
102.005,1782024201.828,16,"heading to waypoint #16 (12.6, 0.5)",pose_global_lethal_static_free,"pose_global_lethal,pose_global_lethal_static_free",7.497,3.635,-9.9,-2.547,-9.452,0,ok,99,ok,65,ok,107,33,33,0,0,ok,107,107,87,0,9,ok,2.716,705
102.505,1782024202.328,16,"heading to waypoint #16 (12.6, 0.5)",pose_global_lethal_static_free,"pose_global_lethal,pose_global_lethal_static_free",7.497,3.635,-9.9,-2.547,-9.452,0,ok,99,ok,65,ok,107,33,33,0,0,ok,107,107,87,0,9,ok,2.716,705
103.004,1782024202.827,17,"heading to waypoint #17 (12.6, 0.7)",pose_global_lethal_static_free,"pose_global_lethal,pose_global_lethal_static_free",7.497,3.635,-9.9,-2.547,-9.452,0,ok,99,ok,65,ok,107,33,33,0,0,ok,107,107,87,0,9,ok,2.716,705
103.504,1782024203.327,17,"heading to waypoint #17 (12.6, 0.7)",pose_global_lethal_static_free,"pose_global_lethal,pose_global_lethal_static_free",7.497,3.635,-9.9,-2.547,-9.452,0,ok,99,ok,65,ok,107,33,33,0,0,ok,107,107,87,0,9,ok,2.716,705
104.004,1782024203.827,17,"heading to waypoint #17 (12.6, 0.7)",pose_global_lethal_static_free,"pose_global_lethal,pose_global_lethal_static_free",7.405,3.651,-9.9,-2.454,-9.46,0,ok,99,ok,73,ok,107,33,18,8,0,ok,107,107,87,0,9,ok,1.023,707
104.505,1782024204.328,17,"heading to waypoint #17 (12.6, 0.7)",pose_global_lethal_static_free,"pose_global_lethal,pose_global_lethal_static_free",7.405,3.651,-9.9,-2.454,-9.46,0,ok,99,ok,73,ok,107,32,32,0,0,ok,107,107,87,0,9,ok,2.799,707
105.005,1782024204.828,17,"heading to waypoint #17 (12.6, 0.7)",pose_global_lethal_static_free,"pose_global_lethal,pose_global_lethal_static_free",7.405,3.651,-9.9,-2.454,-9.46,0,ok,99,ok,73,ok,107,32,32,0,0,ok,107,107,87,0,9,ok,2.799,707
105.504,1782024205.327,17,"heading to waypoint #17 (12.6, 0.7)",pose_global_lethal_static_free,"pose_global_lethal,pose_global_lethal_static_free",7.405,3.651,-9.9,-2.454,-9.46,0,ok,99,ok,73,ok,107,32,32,0,0,ok,107,107,87,0,9,ok,2.799,707
106.005,1782024205.828,17,"heading to waypoint #17 (12.6, 0.7)",pose_global_lethal_static_free,"pose_global_lethal,pose_global_lethal_static_free",6.013,4.035,-91.5,-2.454,-9.46,0,ok,91,ok,73,ok,107,1,1,0,0,ok,107,107,87,0,9,ok,1.734,704
106.505,1782024206.328,17,"heading to waypoint #17 (12.6, 0.7)",ok,,6.023,3.848,-92.6,-2.419,-9.615,0,ok,57,ok,53,ok,154,44,35,0,0,ok,154,154,132,1,8,ok,1.634,708
107.004,1782024206.827,17,"heading to waypoint #17 (12.6, 0.7)",ok,,6.024,3.425,-87.8,-2.318,-10.022,0,ok,0,ok,0,ok,154,46,37,1,0,ok,154,154,132,1,8,ok,10.921,699
107.504,1782024207.327,17,"heading to waypoint #17 (12.6, 0.7)",ok,,6.077,3.042,-81.9,-2.18,-10.389,0,ok,0,ok,0,ok,138,34,32,0,0,ok,138,138,126,0,8,ok,10.592,545
108.004,1782024207.827,17,"heading to waypoint #17 (12.6, 0.7)",ok,,6.242,2.717,-60.7,-1.971,-10.718,0,ok,0,ok,0,ok,138,37,36,0,0,ok,138,138,126,0,8,ok,,463
108.504,1782024208.327,17,"heading to waypoint #17 (12.6, 0.7)",ok,,6.503,2.441,-45.6,-1.659,-10.947,-1,ok,-1,ok,0,ok,126,28,28,0,0,ok,126,126,122,0,4,ok,,464
109.004,1782024208.827,17,"heading to waypoint #17 (12.6, 0.7)",ok,,6.733,2.163,-46.5,-1.295,-11.154,0,ok,0,ok,0,ok,126,33,33,0,0,ok,126,126,122,0,4,ok,,463
109.504,1782024209.327,17,"heading to waypoint #17 (12.6, 0.7)",ok,,7.018,1.937,-45.0,-0.927,-11.361,0,ok,0,ok,0,ok,126,41,37,0,0,ok,126,126,122,0,4,ok,,464
110.005,1782024209.828,17,"heading to waypoint #17 (12.6, 0.7)",ok,,7.26,1.729,-44.6,-0.592,-11.551,0,ok,0,ok,0,ok,112,28,28,0,0,ok,112,112,112,0,0,ok,,449
110.505,1782024210.328,17,"heading to waypoint #17 (12.6, 0.7)",ok,,7.496,1.645,-43.9,-0.255,-11.766,0,ok,0,ok,0,ok,112,35,35,0,0,ok,112,112,112,0,0,ok,,463
111.004,1782024210.827,17,"heading to waypoint #17 (12.6, 0.7)",plan_not_in_local_costmap,plan_not_in_local_costmap,7.81,1.449,-49.6,0.074,-12.011,0,ok,0,ok,0,ok,101,0,0,0,0,ok,101,101,101,0,0,ok,,463
111.504,1782024211.327,17,"heading to waypoint #17 (12.6, 0.7)",pose_global_lethal_static_free,"pose_global_lethal,pose_global_lethal_static_free,plan_not_in_local_costmap",5.023,5.727,148.5,0.142,-12.068,0,ok,99,ok,0,ok,101,0,0,0,0,ok,101,101,101,0,0,ok,,463
112.004,1782024211.827,17,"heading to waypoint #17 (12.6, 0.7)",pose_global_lethal_static_free,"pose_global_lethal,pose_global_lethal_static_free,plan_not_in_local_costmap",5.023,5.727,148.5,0.142,-12.068,0,ok,99,ok,0,ok,101,0,0,0,0,ok,101,101,101,0,0,ok,,464
112.504,1782024212.327,17,"heading to waypoint #17 (12.6, 0.7)",pose_global_lethal_static_free,"pose_global_lethal,pose_global_lethal_static_free,plan_not_in_local_costmap",5.023,5.727,148.5,0.142,-12.068,0,ok,99,ok,0,ok,101,0,0,0,0,ok,101,101,101,0,0,ok,,464
113.004,1782024212.827,17,"heading to waypoint #17 (12.6, 0.7)",pose_global_lethal_static_free,"pose_global_lethal,pose_global_lethal_static_free,plan_not_in_local_costmap",5.023,5.727,148.5,0.142,-12.068,0,ok,99,ok,0,ok,101,0,0,0,0,ok,101,101,101,0,0,ok,,465
113.505,1782024213.327,17,"heading to waypoint #17 (12.6, 0.7)",pose_global_lethal_static_free,"pose_global_lethal,pose_global_lethal_static_free,plan_not_in_local_costmap",5.023,5.727,148.5,0.142,-12.068,0,ok,99,ok,0,ok,101,0,0,0,0,ok,101,101,101,0,0,ok,,464
114.004,1782024213.827,17,"heading to waypoint #17 (12.6, 0.7)",pose_global_lethal_static_free,"pose_global_lethal,pose_global_lethal_static_free,plan_not_in_local_costmap",5.023,5.727,148.5,0.142,-12.068,0,ok,99,ok,0,ok,101,0,0,0,0,ok,101,101,101,0,0,ok,,463
114.504,1782024214.327,17,"heading to waypoint #17 (12.6, 0.7)",pose_global_lethal_static_free,"pose_global_lethal,pose_global_lethal_static_free,plan_not_in_local_costmap",5.023,5.727,148.5,0.142,-12.068,0,ok,99,ok,0,ok,101,0,0,0,0,ok,101,101,101,0,0,ok,,463
115.004,1782024214.827,17,"heading to waypoint #17 (12.6, 0.7)",pose_global_lethal_static_free,"pose_global_lethal,pose_global_lethal_static_free,plan_not_in_local_costmap",5.023,5.727,148.5,0.142,-12.068,0,ok,99,ok,0,ok,101,0,0,0,0,ok,101,101,101,0,0,ok,,461
115.504,1782024215.327,17,"heading to waypoint #17 (12.6, 0.7)",pose_global_lethal_static_free,"pose_global_lethal,pose_global_lethal_static_free,plan_not_in_local_costmap",5.023,5.727,148.5,0.142,-12.068,0,ok,99,ok,0,ok,101,0,0,0,0,ok,101,101,101,0,0,ok,,465
116.004,1782024215.827,17,"heading to waypoint #17 (12.6, 0.7)",pose_global_lethal_static_free,"pose_global_lethal,pose_global_lethal_static_free,plan_not_in_local_costmap",5.023,5.727,148.5,0.142,-12.068,0,ok,99,ok,0,ok,101,0,0,0,0,ok,101,101,101,0,0,ok,,456
116.504,1782024216.327,18,"heading to waypoint #18 (11.5, 0.7)",pose_global_lethal_static_free,"pose_global_lethal,pose_global_lethal_static_free,plan_not_in_local_costmap",5.023,5.727,148.5,0.142,-12.068,0,ok,99,ok,0,ok,101,0,0,0,0,ok,101,101,101,0,0,ok,,453
117.004,1782024216.827,18,"heading to waypoint #18 (11.5, 0.7)",pose_global_lethal_static_free,"pose_global_lethal,pose_global_lethal_static_free,plan_not_in_local_costmap",5.023,5.727,148.5,0.142,-12.068,0,ok,99,ok,0,ok,101,0,0,0,0,ok,101,101,101,0,0,ok,,463
117.505,1782024217.328,18,"heading to waypoint #18 (11.5, 0.7)",pose_global_lethal_static_free,"pose_global_lethal,pose_global_lethal_static_free,plan_not_in_local_costmap",5.023,5.727,148.5,0.142,-12.068,0,ok,99,ok,0,ok,101,0,0,0,0,ok,101,101,101,0,0,ok,,467
118.004,1782024217.827,18,"heading to waypoint #18 (11.5, 0.7)",pose_static_lethal,"pose_static_lethal,pose_global_lethal,plan_not_in_local_costmap",5.111,5.673,148.5,0.063,-12.001,100,ok,100,ok,0,ok,101,0,0,0,0,ok,101,101,101,0,0,ok,3.22,496
118.504,1782024218.327,18,"heading to waypoint #18 (11.5, 0.7)",pose_global_lethal_static_free,"pose_global_lethal,pose_global_lethal_static_free,plan_not_in_local_costmap",5.214,5.61,148.5,-0.029,-11.923,0,ok,99,ok,0,ok,101,0,0,0,0,ok,101,101,101,0,0,ok,1.791,520
119.004,1782024218.827,18,"heading to waypoint #18 (11.5, 0.7)",pose_global_lethal,"pose_global_lethal,plan_not_in_local_costmap",5.287,5.565,148.6,-0.094,-11.867,-1,ok,99,ok,0,ok,101,0,0,0,0,ok,101,101,101,0,0,ok,1.819,520
119.504,1782024219.327,18,"heading to waypoint #18 (11.5, 0.7)",pose_global_lethal,"pose_global_lethal,plan_not_in_local_costmap",5.287,5.565,148.6,-0.094,-11.867,-1,ok,99,ok,0,ok,101,0,0,0,0,ok,101,101,101,0,0,ok,1.819,520
120.004,1782024219.827,18,"heading to waypoint #18 (11.5, 0.7)",pose_global_lethal,"pose_global_lethal,plan_not_in_local_costmap",5.287,5.565,148.6,-0.094,-11.867,-1,ok,99,ok,0,ok,101,0,0,0,0,ok,101,101,101,0,0,ok,1.819,520
120.504,1782024220.327,18,"heading to waypoint #18 (11.5, 0.7)",pose_global_lethal,"pose_global_lethal,plan_not_in_local_costmap",5.287,5.565,148.6,-0.094,-11.867,-1,ok,99,ok,0,ok,101,0,0,0,0,ok,101,101,101,0,0,ok,1.819,520
121.004,1782024220.827,18,"heading to waypoint #18 (11.5, 0.7)",pose_global_lethal,"pose_global_lethal,plan_not_in_local_costmap",5.287,5.565,148.6,-0.094,-11.867,-1,ok,99,ok,0,ok,101,0,0,0,0,ok,101,101,101,0,0,ok,1.819,520
121.504,1782024221.327,18,"heading to waypoint #18 (11.5, 0.7)",pose_global_lethal,"pose_global_lethal,plan_not_in_local_costmap",5.287,5.565,148.6,-0.094,-11.867,-1,ok,99,ok,0,ok,101,0,0,0,0,ok,101,101,101,0,0,ok,1.819,520
122.004,1782024221.827,18,"heading to waypoint #18 (11.5, 0.7)",plan_not_in_local_costmap,plan_not_in_local_costmap,5.365,5.83,-108.2,-0.094,-11.867,0,ok,82,ok,0,ok,101,0,0,0,0,ok,101,101,101,0,0,ok,0.898,706
122.504,1782024222.327,18,"heading to waypoint #18 (11.5, 0.7)",pose_global_lethal_static_free,"pose_global_lethal,pose_global_lethal_static_free",5.345,5.831,-92.4,-0.093,-11.864,0,ok,91,ok,0,ok,128,31,25,0,0,ok,128,128,97,0,12,ok,0.896,707
123.005,1782024222.827,18,"heading to waypoint #18 (11.5, 0.7)",plan_not_in_local_costmap,plan_not_in_local_costmap,5.569,5.52,-65.1,-0.194,-11.532,0,ok,78,ok,0,ok,128,0,0,0,0,ok,128,128,97,0,12,ok,0.679,694
123.504,1782024223.327,19,"heading to waypoint #19 (7.5, 0.7)",ok,,2.132,5.98,79.4,-0.239,-11.459,0,ok,0,ok,0,ok,161,40,40,0,0,ok,161,161,140,0,5,ok,0.714,695
124.005,1782024223.828,19,"heading to waypoint #19 (7.5, 0.7)",ok,,2.186,5.908,28.3,-0.239,-11.459,0,ok,0,ok,0,ok,161,43,43,0,0,ok,161,161,140,0,5,ok,0.611,699
124.505,1782024224.328,19,"heading to waypoint #19 (7.5, 0.7)",ok,,2.243,5.746,-31.5,-0.239,-11.459,0,ok,43,ok,0,ok,161,44,44,0,0,ok,161,161,140,0,5,ok,0.608,701
125.004,1782024224.827,19,"heading to waypoint #19 (7.5, 0.7)",ok,,2.342,5.483,-80.1,-0.009,-11.535,0,ok,77,ok,0,ok,156,41,41,0,0,ok,156,156,132,0,5,ok,0.891,689
125.506,1782024225.329,19,"heading to waypoint #19 (7.5, 0.7)",ok,,2.33,5.089,-98.9,0.336,-11.775,0,ok,78,ok,0,ok,156,46,38,2,0,ok,156,156,132,0,5,ok,1.018,684
126.004,1782024225.827,19,"heading to waypoint #19 (7.5, 0.7)",ok,,2.207,4.706,-115.3,0.595,-12.086,0,ok,82,ok,0,ok,144,39,23,11,0,ok,144,144,112,0,5,ok,1.005,695
126.504,1782024226.327,19,"heading to waypoint #19 (7.5, 0.7)",pose_global_lethal_static_free,"pose_global_lethal,pose_global_lethal_static_free",2.076,4.426,-113.3,0.798,-12.451,0,ok,91,ok,0,ok,144,48,23,16,0,ok,144,144,112,0,5,ok,1.005,695
127.004,1782024226.827,19,"heading to waypoint #19 (7.5, 0.7)",ok,,2.021,4.125,-91.4,1.005,-12.766,0,ok,53,ok,0,ok,126,31,7,13,0,ok,126,126,107,0,5,ok,1.005,695
127.506,1782024227.329,19,"heading to waypoint #19 (7.5, 0.7)",ok,,2.308,3.861,-70.5,1.324,-12.993,0,ok,53,ok,0,ok,126,42,18,13,0,ok,126,126,107,0,5,ok,1.005,695
128.004,1782024227.827,19,"heading to waypoint #19 (7.5, 0.7)",ok,,2.45,3.557,-60.6,1.669,-13.171,0,ok,0,ok,0,ok,126,47,23,13,0,ok,126,126,107,0,5,ok,1.005,695
128.505,1782024228.328,19,"heading to waypoint #19 (7.5, 0.7)",ok,,2.776,3.461,-39.7,2.073,-13.226,0,ok,0,ok,0,ok,112,43,10,18,0,ok,112,112,101,0,5,ok,1.005,695
129.004,1782024228.827,19,"heading to waypoint #19 (7.5, 0.7)",ok,,3.036,3.297,-29.1,2.452,-13.206,0,ok,0,ok,0,ok,112,53,27,12,0,ok,112,112,101,0,5,ok,1.005,695
129.504,1782024229.327,19,"heading to waypoint #19 (7.5, 0.7)",ok,,5.763,2.383,54.7,2.486,-13.2,0,ok,0,ok,0,ok,38,23,15,5,0,ok,38,38,34,0,4,ok,1.068,697
130.004,1782024229.827,19,"heading to waypoint #19 (7.5, 0.7)",ok,,5.812,2.324,-6.9,2.589,-13.335,0,ok,0,ok,0,ok,38,23,23,0,0,ok,38,38,34,0,4,ok,1.014,695
130.504,1782024230.327,19,"heading to waypoint #19 (7.5, 0.7)",ok,,6.078,2.239,-14.7,2.669,-13.699,-1,ok,-1,ok,0,ok,33,25,25,0,0,ok,33,33,30,0,3,ok,1.015,696
131.004,1782024230.827,19,"heading to waypoint #19 (7.5, 0.7)",ok,,6.419,2.19,-22.3,2.653,-14.11,0,ok,0,ok,0,ok,33,31,31,0,0,ok,33,33,30,0,3,ok,1.015,696
131.504,1782024231.327,19,"heading to waypoint #19 (7.5, 0.7)",ok,,6.77,2.162,-33.4,2.538,-14.515,0,ok,0,ok,0,ok,31,28,28,0,0,ok,31,31,31,0,0,ok,1.015,696
132.004,1782024231.827,19,"heading to waypoint #19 (7.5, 0.7)",ok,,7.082,2.199,-39.8,2.306,-14.859,0,ok,0,ok,0,ok,31,28,28,0,0,ok,31,31,31,0,0,ok,1.015,696
132.504,1782024232.327,19,"heading to waypoint #19 (7.5, 0.7)",ok,,7.343,2.061,-51.0,1.978,-15.138,0,ok,0,ok,0,ok,31,29,29,0,0,ok,31,31,31,0,0,ok,1.015,696
133.004,1782024232.827,19,"heading to waypoint #19 (7.5, 0.7)",ok,,7.496,1.941,-62.2,1.596,-15.302,0,ok,0,ok,0,ok,27,27,27,0,0,ok,27,27,27,0,0,ok,1.015,696
133.504,1782024233.327,19,"heading to waypoint #19 (7.5, 0.7)",ok,,7.647,1.708,-68.0,1.169,-15.371,0,ok,0,ok,0,ok,27,27,27,0,0,ok,27,27,27,0,0,ok,1.015,696
134.004,1782024233.827,19,"heading to waypoint #19 (7.5, 0.7)",ok,,7.897,1.644,-68.0,0.741,-15.358,0,ok,0,ok,0,ok,21,21,21,0,0,ok,21,21,21,0,0,ok,1.015,696
134.504,1782024234.327,19,"heading to waypoint #19 (7.5, 0.7)",ok,,7.99,1.354,-83.2,0.358,-15.241,0,ok,0,ok,0,ok,21,21,21,0,0,ok,21,21,21,0,0,ok,1.015,696
135.004,1782024234.827,19,"heading to waypoint #19 (7.5, 0.7)",ok,,6.938,1.085,-98.6,0.045,-15.03,0,ok,0,ok,0,ok,13,13,1,7,0,ok,13,13,13,0,0,ok,1.015,696
135.504,1782024235.327,19,"heading to waypoint #19 (7.5, 0.7)",plan_no_free_points_in_local_costmap,plan_no_free_points_in_local_costmap,6.85,1.002,-65.1,-0.256,-14.969,0,ok,0,ok,0,ok,13,13,0,12,0,ok,13,13,13,0,0,ok,1.015,696
136.004,1782024235.827,19,"heading to waypoint #19 (7.5, 0.7)",plan_no_free_points_in_local_costmap,plan_no_free_points_in_local_costmap,6.613,0.626,-54.1,-0.661,-15.026,0,ok,0,ok,0,ok,13,13,0,10,0,ok,13,13,13,0,0,ok,1.015,696
136.504,1782024236.327,19,"heading to waypoint #19 (7.5, 0.7)",plan_no_free_points_in_local_costmap,plan_no_free_points_in_local_costmap,6.738,0.475,-35.6,-0.98,-15.171,0,ok,0,ok,0,ok,19,19,0,14,0,ok,19,19,19,0,0,ok,1.015,696
137.004,1782024236.827,19,"heading to waypoint #19 (7.5, 0.7)",plan_not_in_local_costmap,plan_not_in_local_costmap,3.364,5.029,127.6,-1.125,-15.332,-1,ok,-1,ok,0,ok,19,0,0,0,0,ok,19,19,19,0,0,ok,0.933,694
137.504,1782024237.327,19,"heading to waypoint #19 (7.5, 0.7)",plan_not_in_local_costmap,plan_not_in_local_costmap,3.382,5.026,125.5,-1.125,-15.332,-1,ok,-1,ok,0,ok,19,0,0,0,0,ok,19,19,19,0,0,ok,0.934,694
138.004,1782024237.827,19,"heading to waypoint #19 (7.5, 0.7)",plan_not_in_local_costmap,plan_not_in_local_costmap,3.382,5.026,125.5,-1.125,-15.332,-1,ok,-1,ok,0,ok,19,0,0,0,0,ok,19,19,19,0,0,ok,0.934,694
138.504,1782024238.327,20,"heading to waypoint #20 (3.6, 0.5)",plan_not_in_local_costmap,plan_not_in_local_costmap,3.382,5.026,125.5,-1.125,-15.332,-1,ok,-1,ok,0,ok,19,0,0,0,0,ok,19,19,19,0,0,ok,0.934,694
139.004,1782024238.827,20,"heading to waypoint #20 (3.6, 0.5)",plan_not_in_local_costmap,plan_not_in_local_costmap,3.382,5.026,125.5,-1.125,-15.332,-1,ok,-1,ok,0,ok,19,0,0,0,0,ok,19,19,19,0,0,ok,0.934,695
139.504,1782024239.327,20,"heading to waypoint #20 (3.6, 0.5)",plan_not_in_local_costmap,plan_not_in_local_costmap,3.382,5.026,125.5,-1.125,-15.332,-1,ok,-1,ok,0,ok,19,0,0,0,0,ok,19,19,19,0,0,ok,0.934,696
140.004,1782024239.827,20,"heading to waypoint #20 (3.6, 0.5)",plan_not_in_local_costmap,plan_not_in_local_costmap,3.382,5.026,125.5,-1.125,-15.332,-1,ok,-1,ok,0,ok,19,0,0,0,0,ok,19,19,19,0,0,ok,0.934,696
140.504,1782024240.327,20,"heading to waypoint #20 (3.6, 0.5)",plan_not_in_local_costmap,plan_not_in_local_costmap,3.382,5.026,125.5,-1.125,-15.332,-1,ok,-1,ok,0,ok,19,0,0,0,0,ok,19,19,19,0,0,ok,0.934,696
141.004,1782024240.827,20,"heading to waypoint #20 (3.6, 0.5)",plan_not_in_local_costmap,plan_not_in_local_costmap,3.382,5.026,125.5,-1.125,-15.332,-1,ok,-1,ok,0,ok,19,0,0,0,0,ok,19,19,19,0,0,ok,0.934,696
141.504,1782024241.327,20,"heading to waypoint #20 (3.6, 0.5)",plan_not_in_local_costmap,plan_not_in_local_costmap,3.382,5.026,125.5,-1.125,-15.332,-1,ok,-1,ok,0,ok,19,0,0,0,0,ok,19,19,19,0,0,ok,0.934,696
142.004,1782024241.827,20,"heading to waypoint #20 (3.6, 0.5)",ok,,3.382,5.026,125.5,-1.125,-15.332,-1,ok,-1,ok,0,ok,117,32,14,12,0,ok,117,117,84,0,2,ok,0.934,696
142.504,1782024242.327,20,"heading to waypoint #20 (3.6, 0.5)",ok,,3.382,5.026,126.6,-1.125,-15.332,-1,ok,-1,ok,0,ok,117,32,14,12,0,ok,117,117,84,0,2,ok,0.912,697
143.005,1782024242.828,20,"heading to waypoint #20 (3.6, 0.5)",ok,,3.408,5.042,136.6,-1.125,-15.332,-1,ok,-1,ok,0,ok,117,32,13,12,0,ok,117,117,84,0,2,ok,0.785,702
143.505,1782024243.328,20,"heading to waypoint #20 (3.6, 0.5)",pose_global_lethal_static_free,"pose_global_lethal,pose_global_lethal_static_free",4.151,2.147,-75.8,-1.125,-15.332,0,ok,99,ok,0,ok,118,10,6,1,0,ok,118,118,87,0,2,ok,0.633,714
144.004,1782024243.827,20,"heading to waypoint #20 (3.6, 0.5)",pose_global_lethal_static_free,"pose_global_lethal,pose_global_lethal_static_free",4.145,2.171,-75.8,-1.139,-15.313,0,ok,99,ok,0,ok,118,10,5,2,0,ok,118,118,87,0,2,ok,0.546,710
144.504,1782024244.327,20,"heading to waypoint #20 (3.6, 0.5)",pose_global_lethal_static_free,"pose_global_lethal,pose_global_lethal_static_free",4.134,2.215,-75.8,-1.165,-15.275,0,ok,99,ok,0,ok,118,10,5,2,0,ok,118,118,87,0,2,ok,0.675,708
145.004,1782024244.827,20,"heading to waypoint #20 (3.6, 0.5)",pose_global_lethal_static_free,"pose_global_lethal,pose_global_lethal_static_free",4.112,2.3,-75.8,-1.216,-15.204,0,ok,99,ok,0,ok,118,13,6,4,0,ok,118,118,87,0,2,ok,0.734,710
145.504,1782024245.327,20,"heading to waypoint #20 (3.6, 0.5)",pose_static_lethal,"pose_static_lethal,pose_global_lethal",4.085,2.406,-75.8,-1.279,-15.115,100,ok,100,ok,0,ok,118,18,8,7,0,ok,118,118,87,0,2,ok,0.809,704
146.005,1782024245.828,20,"heading to waypoint #20 (3.6, 0.5)",pose_static_lethal,"pose_static_lethal,pose_global_lethal",4.088,2.367,-78.9,-1.304,-15.08,100,ok,100,ok,0,ok,118,16,8,3,0,ok,118,118,87,0,2,ok,0.838,700
146.504,1782024246.327,20,"heading to waypoint #20 (3.6, 0.5)",pose_static_lethal,"pose_static_lethal,pose_global_lethal",4.088,2.367,-78.9,-1.304,-15.08,100,ok,100,ok,0,ok,118,16,8,3,0,ok,118,118,87,0,2,ok,0.838,700
147.004,1782024246.827,20,"heading to waypoint #20 (3.6, 0.5)",pose_static_lethal,"pose_static_lethal,pose_global_lethal",4.088,2.367,-78.9,-1.304,-15.08,100,ok,100,ok,0,ok,118,16,8,3,0,ok,118,118,87,0,2,ok,0.838,700
147.504,1782024247.327,20,"heading to waypoint #20 (3.6, 0.5)",pose_static_lethal,"pose_static_lethal,pose_global_lethal",4.088,2.367,-78.9,-1.304,-15.08,100,ok,100,ok,0,ok,118,16,8,3,0,ok,118,118,87,0,2,ok,0.838,700
148.005,1782024247.828,20,"heading to waypoint #20 (3.6, 0.5)",pose_static_lethal,"pose_static_lethal,pose_global_lethal",4.088,2.367,-78.9,-1.304,-15.08,100,ok,100,ok,0,ok,118,16,8,3,0,ok,118,118,87,0,2,ok,0.838,700
148.504,1782024248.327,20,"heading to waypoint #20 (3.6, 0.5)",pose_static_lethal,"pose_static_lethal,pose_global_lethal",4.088,2.367,-78.9,-1.304,-15.08,100,ok,100,ok,0,ok,118,16,8,3,0,ok,118,118,87,0,2,ok,0.838,700
149.004,1782024248.827,20,"heading to waypoint #20 (3.6, 0.5)",pose_static_lethal,"pose_static_lethal,pose_global_lethal",4.058,2.367,29.5,-1.304,-15.08,100,ok,100,ok,0,ok,118,18,10,3,0,ok,118,118,87,0,2,ok,0.859,703
149.504,1782024249.327,20,"heading to waypoint #20 (3.6, 0.5)",pose_static_lethal,"pose_static_lethal,pose_global_lethal",4.01,2.368,30.6,-1.304,-15.08,100,ok,100,ok,0,ok,118,18,8,6,0,ok,118,118,87,0,2,ok,0.859,698
150.004,1782024249.827,20,"heading to waypoint #20 (3.6, 0.5)",pose_static_lethal,"pose_static_lethal,pose_global_lethal",4.01,2.368,30.6,-1.304,-15.08,100,ok,100,ok,0,ok,118,18,8,6,0,ok,118,118,87,0,2,ok,0.859,698
150.504,1782024250.327,20,"heading to waypoint #20 (3.6, 0.5)",pose_static_lethal,"pose_static_lethal,pose_global_lethal",4.01,2.368,30.6,-1.304,-15.08,100,ok,100,ok,0,ok,118,18,8,6,0,ok,118,118,87,0,2,ok,0.859,698
151.004,1782024250.827,20,"heading to waypoint #20 (3.6, 0.5)",pose_static_lethal,"pose_static_lethal,pose_global_lethal",4.01,2.368,30.6,-1.304,-15.08,100,ok,100,ok,0,ok,118,18,8,6,0,ok,118,118,87,0,2,ok,0.859,698
151.504,1782024251.327,21,"heading to waypoint #21 (1.9, 3.2)",pose_static_lethal,"pose_static_lethal,pose_global_lethal",4.01,2.368,30.6,-1.304,-15.08,100,ok,100,ok,0,ok,118,18,8,6,0,ok,118,118,87,0,2,ok,0.859,698
152.004,1782024251.827,21,"heading to waypoint #21 (1.9, 3.2)",pose_static_lethal,"pose_static_lethal,pose_global_lethal",4.01,2.368,30.6,-1.304,-15.08,100,ok,100,ok,0,ok,118,18,8,6,0,ok,118,118,87,0,2,ok,0.859,698
152.504,1782024252.327,21,"heading to waypoint #21 (1.9, 3.2)",pose_static_lethal,"pose_static_lethal,pose_global_lethal",4.01,2.368,30.6,-1.304,-15.08,100,ok,100,ok,0,ok,118,18,8,6,0,ok,118,118,87,0,2,ok,0.859,698
153.004,1782024252.827,21,"heading to waypoint #21 (1.9, 3.2)",pose_static_lethal,"pose_static_lethal,pose_global_lethal",4.01,2.368,30.6,-1.304,-15.08,100,ok,100,ok,0,ok,118,18,8,6,0,ok,118,118,87,0,2,ok,0.859,698
153.505,1782024253.328,21,"heading to waypoint #21 (1.9, 3.2)",pose_static_lethal,"pose_static_lethal,pose_global_lethal",4.01,2.368,30.6,-1.304,-15.08,100,ok,100,ok,0,ok,118,18,8,6,0,ok,118,118,87,0,2,ok,0.859,698
154.004,1782024253.827,21,"heading to waypoint #21 (1.9, 3.2)",pose_static_lethal,"pose_static_lethal,pose_global_lethal",4.01,2.368,30.6,-1.304,-15.08,100,ok,100,ok,0,ok,118,18,8,6,0,ok,118,118,87,0,2,ok,0.859,698
154.504,1782024254.327,21,"mission mission_timeout (reached=14/56 missed=[14, 15, 16, 17, 18, 19, 20, 21, 22, 23, 24, 25, 26, 27, 28, 29, 30, 31, 32, 33, 34, 35, 36, 37, 38, 39, 40, 41, 42, 43, 44, 45, 46, 47, 48, 49, 50, 51, 52, 53, 54, 55])",pose_static_lethal,"pose_static_lethal,pose_global_lethal",4.01,2.368,30.6,-1.304,-15.08,100,ok,100,ok,0,ok,118,18,8,6,0,ok,118,118,87,0,2,ok,0.859,698
155.004,1782024254.827,21,"mission mission_timeout (reached=14/56 missed=[14, 15, 16, 17, 18, 19, 20, 21, 22, 23, 24, 25, 26, 27, 28, 29, 30, 31, 32, 33, 34, 35, 36, 37, 38, 39, 40, 41, 42, 43, 44, 45, 46, 47, 48, 49, 50, 51, 52, 53, 54, 55])",pose_static_lethal,"pose_static_lethal,pose_global_lethal",4.01,2.368,30.6,-1.304,-15.08,100,ok,100,ok,0,ok,118,18,8,6,0,ok,118,118,87,0,2,ok,0.859,698
155.504,1782024255.327,21,"mission mission_timeout (reached=14/56 missed=[14, 15, 16, 17, 18, 19, 20, 21, 22, 23, 24, 25, 26, 27, 28, 29, 30, 31, 32, 33, 34, 35, 36, 37, 38, 39, 40, 41, 42, 43, 44, 45, 46, 47, 48, 49, 50, 51, 52, 53, 54, 55])",pose_static_lethal,"pose_static_lethal,pose_global_lethal",4.01,2.368,30.6,-1.304,-15.08,100,ok,100,ok,0,ok,118,18,8,6,0,ok,118,118,87,0,2,ok,0.859,698
156.004,1782024255.827,21,"mission mission_timeout (reached=14/56 missed=[14, 15, 16, 17, 18, 19, 20, 21, 22, 23, 24, 25, 26, 27, 28, 29, 30, 31, 32, 33, 34, 35, 36, 37, 38, 39, 40, 41, 42, 43, 44, 45, 46, 47, 48, 49, 50, 51, 52, 53, 54, 55])",pose_static_lethal,"pose_static_lethal,pose_global_lethal",4.01,2.368,30.6,-1.304,-15.08,100,ok,100,ok,0,ok,118,18,8,6,0,ok,118,118,87,0,2,ok,0.859,698
156.505,1782024256.328,21,"mission mission_timeout (reached=14/56 missed=[14, 15, 16, 17, 18, 19, 20, 21, 22, 23, 24, 25, 26, 27, 28, 29, 30, 31, 32, 33, 34, 35, 36, 37, 38, 39, 40, 41, 42, 43, 44, 45, 46, 47, 48, 49, 50, 51, 52, 53, 54, 55])",pose_static_lethal,"pose_static_lethal,pose_global_lethal",4.01,2.368,30.6,-1.304,-15.08,100,ok,100,ok,0,ok,118,18,8,6,0,ok,118,118,87,0,2,ok,0.859,698
157.004,1782024256.827,21,"mission mission_timeout (reached=14/56 missed=[14, 15, 16, 17, 18, 19, 20, 21, 22, 23, 24, 25, 26, 27, 28, 29, 30, 31, 32, 33, 34, 35, 36, 37, 38, 39, 40, 41, 42, 43, 44, 45, 46, 47, 48, 49, 50, 51, 52, 53, 54, 55])",pose_static_lethal,"pose_static_lethal,pose_global_lethal",4.01,2.368,30.6,-1.304,-15.08,100,ok,100,ok,0,ok,118,18,8,6,0,ok,118,118,87,0,2,ok,0.859,698
157.504,1782024257.327,21,"mission mission_timeout (reached=14/56 missed=[14, 15, 16, 17, 18, 19, 20, 21, 22, 23, 24, 25, 26, 27, 28, 29, 30, 31, 32, 33, 34, 35, 36, 37, 38, 39, 40, 41, 42, 43, 44, 45, 46, 47, 48, 49, 50, 51, 52, 53, 54, 55])",pose_static_lethal,"pose_static_lethal,pose_global_lethal",4.01,2.368,30.6,-1.304,-15.08,100,ok,100,ok,0,ok,118,18,8,6,0,ok,118,118,87,0,2,ok,0.859,698
158.004,1782024257.827,21,"mission mission_timeout (reached=14/56 missed=[14, 15, 16, 17, 18, 19, 20, 21, 22, 23, 24, 25, 26, 27, 28, 29, 30, 31, 32, 33, 34, 35, 36, 37, 38, 39, 40, 41, 42, 43, 44, 45, 46, 47, 48, 49, 50, 51, 52, 53, 54, 55])",pose_static_lethal,"pose_static_lethal,pose_global_lethal",4.01,2.368,30.6,-1.304,-15.08,100,ok,100,ok,0,ok,118,18,8,6,0,ok,118,118,87,0,2,ok,0.859,698
158.505,1782024258.328,21,"mission mission_timeout (reached=14/56 missed=[14, 15, 16, 17, 18, 19, 20, 21, 22, 23, 24, 25, 26, 27, 28, 29, 30, 31, 32, 33, 34, 35, 36, 37, 38, 39, 40, 41, 42, 43, 44, 45, 46, 47, 48, 49, 50, 51, 52, 53, 54, 55])",pose_static_lethal,"pose_static_lethal,pose_global_lethal",4.01,2.368,30.6,-1.304,-15.08,100,ok,100,ok,0,ok,118,18,8,6,0,ok,118,118,87,0,2,ok,0.859,698
159.004,1782024258.827,21,"mission mission_timeout (reached=14/56 missed=[14, 15, 16, 17, 18, 19, 20, 21, 22, 23, 24, 25, 26, 27, 28, 29, 30, 31, 32, 33, 34, 35, 36, 37, 38, 39, 40, 41, 42, 43, 44, 45, 46, 47, 48, 49, 50, 51, 52, 53, 54, 55])",pose_static_lethal,"pose_static_lethal,pose_global_lethal",4.01,2.368,30.6,-1.304,-15.08,100,ok,100,ok,0,ok,118,18,8,6,0,ok,118,118,87,0,2,ok,0.859,698
159.505,1782024259.328,21,"mission mission_timeout (reached=14/56 missed=[14, 15, 16, 17, 18, 19, 20, 21, 22, 23, 24, 25, 26, 27, 28, 29, 30, 31, 32, 33, 34, 35, 36, 37, 38, 39, 40, 41, 42, 43, 44, 45, 46, 47, 48, 49, 50, 51, 52, 53, 54, 55])",pose_static_lethal,"pose_static_lethal,pose_global_lethal",4.01,2.368,30.6,-1.304,-15.08,100,ok,100,ok,0,ok,118,18,8,6,0,ok,118,118,87,0,2,ok,0.859,698
160.004,1782024259.827,21,"mission mission_timeout (reached=14/56 missed=[14, 15, 16, 17, 18, 19, 20, 21, 22, 23, 24, 25, 26, 27, 28, 29, 30, 31, 32, 33, 34, 35, 36, 37, 38, 39, 40, 41, 42, 43, 44, 45, 46, 47, 48, 49, 50, 51, 52, 53, 54, 55])",pose_static_lethal,"pose_static_lethal,pose_global_lethal",4.01,2.368,30.6,-1.304,-15.08,100,ok,100,ok,0,ok,118,18,8,6,0,ok,118,118,87,0,2,ok,0.859,698
160.504,1782024260.327,21,"mission mission_timeout (reached=14/56 missed=[14, 15, 16, 17, 18, 19, 20, 21, 22, 23, 24, 25, 26, 27, 28, 29, 30, 31, 32, 33, 34, 35, 36, 37, 38, 39, 40, 41, 42, 43, 44, 45, 46, 47, 48, 49, 50, 51, 52, 53, 54, 55])",pose_static_lethal,"pose_static_lethal,pose_global_lethal",4.01,2.368,30.6,-1.304,-15.08,100,ok,100,ok,0,ok,118,18,8,6,0,ok,118,118,87,0,2,ok,0.859,698
161.004,1782024260.827,21,"mission mission_timeout (reached=14/56 missed=[14, 15, 16, 17, 18, 19, 20, 21, 22, 23, 24, 25, 26, 27, 28, 29, 30, 31, 32, 33, 34, 35, 36, 37, 38, 39, 40, 41, 42, 43, 44, 45, 46, 47, 48, 49, 50, 51, 52, 53, 54, 55])",pose_static_lethal,"pose_static_lethal,pose_global_lethal",4.01,2.368,30.6,-1.304,-15.08,100,ok,100,ok,0,ok,118,18,8,6,0,ok,118,118,87,0,2,ok,0.859,698
161.504,1782024261.327,21,"mission mission_timeout (reached=14/56 missed=[14, 15, 16, 17, 18, 19, 20, 21, 22, 23, 24, 25, 26, 27, 28, 29, 30, 31, 32, 33, 34, 35, 36, 37, 38, 39, 40, 41, 42, 43, 44, 45, 46, 47, 48, 49, 50, 51, 52, 53, 54, 55])",pose_static_lethal,"pose_static_lethal,pose_global_lethal",4.01,2.368,30.6,-1.304,-15.08,100,ok,100,ok,0,ok,118,18,8,6,0,ok,118,118,87,0,2,ok,0.859,698
162.004,1782024261.827,21,"mission mission_timeout (reached=14/56 missed=[14, 15, 16, 17, 18, 19, 20, 21, 22, 23, 24, 25, 26, 27, 28, 29, 30, 31, 32, 33, 34, 35, 36, 37, 38, 39, 40, 41, 42, 43, 44, 45, 46, 47, 48, 49, 50, 51, 52, 53, 54, 55])",pose_static_lethal,"pose_static_lethal,pose_global_lethal",4.01,2.368,30.6,-1.304,-15.08,100,ok,100,ok,0,ok,118,18,8,6,0,ok,118,118,87,0,2,ok,0.859,698
162.504,1782024262.327,21,"mission mission_timeout (reached=14/56 missed=[14, 15, 16, 17, 18, 19, 20, 21, 22, 23, 24, 25, 26, 27, 28, 29, 30, 31, 32, 33, 34, 35, 36, 37, 38, 39, 40, 41, 42, 43, 44, 45, 46, 47, 48, 49, 50, 51, 52, 53, 54, 55])",pose_static_lethal,"pose_static_lethal,pose_global_lethal",4.01,2.368,30.6,-1.304,-15.08,100,ok,100,ok,0,ok,118,18,8,6,0,ok,118,118,87,0,2,ok,0.859,698
163.005,1782024262.828,21,"mission mission_timeout (reached=14/56 missed=[14, 15, 16, 17, 18, 19, 20, 21, 22, 23, 24, 25, 26, 27, 28, 29, 30, 31, 32, 33, 34, 35, 36, 37, 38, 39, 40, 41, 42, 43, 44, 45, 46, 47, 48, 49, 50, 51, 52, 53, 54, 55])",pose_static_lethal,"pose_static_lethal,pose_global_lethal",4.01,2.368,30.6,-1.304,-15.08,100,ok,100,ok,0,ok,118,18,8,6,0,ok,118,118,87,0,2,ok,0.859,698
163.504,1782024263.327,21,"mission mission_timeout (reached=14/56 missed=[14, 15, 16, 17, 18, 19, 20, 21, 22, 23, 24, 25, 26, 27, 28, 29, 30, 31, 32, 33, 34, 35, 36, 37, 38, 39, 40, 41, 42, 43, 44, 45, 46, 47, 48, 49, 50, 51, 52, 53, 54, 55])",pose_static_lethal,"pose_static_lethal,pose_global_lethal",4.01,2.368,30.6,-1.304,-15.08,100,ok,100,ok,0,ok,118,18,8,6,0,ok,118,118,87,0,2,ok,0.859,698
164.005,1782024263.827,21,"mission mission_timeout (reached=14/56 missed=[14, 15, 16, 17, 18, 19, 20, 21, 22, 23, 24, 25, 26, 27, 28, 29, 30, 31, 32, 33, 34, 35, 36, 37, 38, 39, 40, 41, 42, 43, 44, 45, 46, 47, 48, 49, 50, 51, 52, 53, 54, 55])",pose_static_lethal,"pose_static_lethal,pose_global_lethal",4.01,2.368,30.6,-1.304,-15.08,100,ok,100,ok,0,ok,118,18,8,6,0,ok,118,118,87,0,2,ok,0.859,698
164.504,1782024264.327,21,"mission mission_timeout (reached=14/56 missed=[14, 15, 16, 17, 18, 19, 20, 21, 22, 23, 24, 25, 26, 27, 28, 29, 30, 31, 32, 33, 34, 35, 36, 37, 38, 39, 40, 41, 42, 43, 44, 45, 46, 47, 48, 49, 50, 51, 52, 53, 54, 55])",pose_static_lethal,"pose_static_lethal,pose_global_lethal",4.01,2.368,30.6,-1.304,-15.08,100,ok,100,ok,0,ok,118,18,8,6,0,ok,118,118,87,0,2,ok,0.859,698
165.005,1782024264.828,21,"mission mission_timeout (reached=14/56 missed=[14, 15, 16, 17, 18, 19, 20, 21, 22, 23, 24, 25, 26, 27, 28, 29, 30, 31, 32, 33, 34, 35, 36, 37, 38, 39, 40, 41, 42, 43, 44, 45, 46, 47, 48, 49, 50, 51, 52, 53, 54, 55])",pose_static_lethal,"pose_static_lethal,pose_global_lethal",4.01,2.368,30.6,-1.304,-15.08,100,ok,100,ok,0,ok,118,18,8,6,0,ok,118,118,87,0,2,ok,0.859,698
165.504,1782024265.327,21,"mission mission_timeout (reached=14/56 missed=[14, 15, 16, 17, 18, 19, 20, 21, 22, 23, 24, 25, 26, 27, 28, 29, 30, 31, 32, 33, 34, 35, 36, 37, 38, 39, 40, 41, 42, 43, 44, 45, 46, 47, 48, 49, 50, 51, 52, 53, 54, 55])",pose_static_lethal,"pose_static_lethal,pose_global_lethal",4.01,2.368,30.6,-1.304,-15.08,100,ok,100,ok,0,ok,118,18,8,6,0,ok,118,118,87,0,2,ok,0.859,698
166.004,1782024265.827,21,"mission mission_timeout (reached=14/56 missed=[14, 15, 16, 17, 18, 19, 20, 21, 22, 23, 24, 25, 26, 27, 28, 29, 30, 31, 32, 33, 34, 35, 36, 37, 38, 39, 40, 41, 42, 43, 44, 45, 46, 47, 48, 49, 50, 51, 52, 53, 54, 55])",pose_static_lethal,"pose_static_lethal,pose_global_lethal",4.01,2.368,30.6,-1.304,-15.08,100,ok,100,ok,0,ok,118,18,8,6,0,ok,118,118,87,0,2,ok,0.859,698
166.505,1782024266.328,21,"mission mission_timeout (reached=14/56 missed=[14, 15, 16, 17, 18, 19, 20, 21, 22, 23, 24, 25, 26, 27, 28, 29, 30, 31, 32, 33, 34, 35, 36, 37, 38, 39, 40, 41, 42, 43, 44, 45, 46, 47, 48, 49, 50, 51, 52, 53, 54, 55])",pose_static_lethal,"pose_static_lethal,pose_global_lethal",4.01,2.368,30.6,-1.304,-15.08,100,ok,100,ok,0,ok,118,18,8,6,0,ok,118,118,87,0,2,ok,0.859,698
167.004,1782024266.827,21,"mission mission_timeout (reached=14/56 missed=[14, 15, 16, 17, 18, 19, 20, 21, 22, 23, 24, 25, 26, 27, 28, 29, 30, 31, 32, 33, 34, 35, 36, 37, 38, 39, 40, 41, 42, 43, 44, 45, 46, 47, 48, 49, 50, 51, 52, 53, 54, 55])",pose_static_lethal,"pose_static_lethal,pose_global_lethal",4.01,2.368,30.6,-1.304,-15.08,100,ok,100,ok,0,ok,118,18,8,6,0,ok,118,118,87,0,2,ok,0.859,698
167.504,1782024267.327,21,"mission mission_timeout (reached=14/56 missed=[14, 15, 16, 17, 18, 19, 20, 21, 22, 23, 24, 25, 26, 27, 28, 29, 30, 31, 32, 33, 34, 35, 36, 37, 38, 39, 40, 41, 42, 43, 44, 45, 46, 47, 48, 49, 50, 51, 52, 53, 54, 55])",pose_static_lethal,"pose_static_lethal,pose_global_lethal",4.01,2.368,30.6,-1.304,-15.08,100,ok,100,ok,0,ok,118,18,8,6,0,ok,118,118,87,0,2,ok,0.859,698
168.004,1782024267.827,21,"mission mission_timeout (reached=14/56 missed=[14, 15, 16, 17, 18, 19, 20, 21, 22, 23, 24, 25, 26, 27, 28, 29, 30, 31, 32, 33, 34, 35, 36, 37, 38, 39, 40, 41, 42, 43, 44, 45, 46, 47, 48, 49, 50, 51, 52, 53, 54, 55])",pose_static_lethal,"pose_static_lethal,pose_global_lethal",4.01,2.368,30.6,-1.304,-15.08,100,ok,100,ok,0,ok,118,18,8,6,0,ok,118,118,87,0,2,ok,0.859,698
168.504,1782024268.327,21,"mission mission_timeout (reached=14/56 missed=[14, 15, 16, 17, 18, 19, 20, 21, 22, 23, 24, 25, 26, 27, 28, 29, 30, 31, 32, 33, 34, 35, 36, 37, 38, 39, 40, 41, 42, 43, 44, 45, 46, 47, 48, 49, 50, 51, 52, 53, 54, 55])",pose_static_lethal,"pose_static_lethal,pose_global_lethal",4.01,2.368,30.6,-1.304,-15.08,100,ok,100,ok,0,ok,118,18,8,6,0,ok,118,118,87,0,2,ok,0.859,698
169.004,1782024268.827,21,"mission mission_timeout (reached=14/56 missed=[14, 15, 16, 17, 18, 19, 20, 21, 22, 23, 24, 25, 26, 27, 28, 29, 30, 31, 32, 33, 34, 35, 36, 37, 38, 39, 40, 41, 42, 43, 44, 45, 46, 47, 48, 49, 50, 51, 52, 53, 54, 55])",pose_static_lethal,"pose_static_lethal,pose_global_lethal",4.01,2.368,30.6,-1.304,-15.08,100,ok,100,ok,0,ok,118,18,8,6,0,ok,118,118,87,0,2,ok,0.859,698
169.504,1782024269.327,21,"mission mission_timeout (reached=14/56 missed=[14, 15, 16, 17, 18, 19, 20, 21, 22, 23, 24, 25, 26, 27, 28, 29, 30, 31, 32, 33, 34, 35, 36, 37, 38, 39, 40, 41, 42, 43, 44, 45, 46, 47, 48, 49, 50, 51, 52, 53, 54, 55])",pose_static_lethal,"pose_static_lethal,pose_global_lethal",4.01,2.368,30.6,-1.304,-15.08,100,ok,100,ok,0,ok,118,18,8,6,0,ok,118,118,87,0,2,ok,0.859,698
170.004,1782024269.827,21,"mission mission_timeout (reached=14/56 missed=[14, 15, 16, 17, 18, 19, 20, 21, 22, 23, 24, 25, 26, 27, 28, 29, 30, 31, 32, 33, 34, 35, 36, 37, 38, 39, 40, 41, 42, 43, 44, 45, 46, 47, 48, 49, 50, 51, 52, 53, 54, 55])",pose_static_lethal,"pose_static_lethal,pose_global_lethal",4.01,2.368,30.6,-1.304,-15.08,100,ok,100,ok,0,ok,118,18,8,6,0,ok,118,118,87,0,2,ok,0.859,698
170.504,1782024270.327,21,"mission mission_timeout (reached=14/56 missed=[14, 15, 16, 17, 18, 19, 20, 21, 22, 23, 24, 25, 26, 27, 28, 29, 30, 31, 32, 33, 34, 35, 36, 37, 38, 39, 40, 41, 42, 43, 44, 45, 46, 47, 48, 49, 50, 51, 52, 53, 54, 55])",pose_static_lethal,"pose_static_lethal,pose_global_lethal",4.01,2.368,30.6,-1.304,-15.08,100,ok,100,ok,0,ok,118,18,8,6,0,ok,118,118,87,0,2,ok,0.859,698
171.004,1782024270.827,21,"mission mission_timeout (reached=14/56 missed=[14, 15, 16, 17, 18, 19, 20, 21, 22, 23, 24, 25, 26, 27, 28, 29, 30, 31, 32, 33, 34, 35, 36, 37, 38, 39, 40, 41, 42, 43, 44, 45, 46, 47, 48, 49, 50, 51, 52, 53, 54, 55])",pose_static_lethal,"pose_static_lethal,pose_global_lethal",4.01,2.368,30.6,-1.304,-15.08,100,ok,100,ok,0,ok,118,18,8,6,0,ok,118,118,87,0,2,ok,0.859,698
171.505,1782024271.328,21,"mission mission_timeout (reached=14/56 missed=[14, 15, 16, 17, 18, 19, 20, 21, 22, 23, 24, 25, 26, 27, 28, 29, 30, 31, 32, 33, 34, 35, 36, 37, 38, 39, 40, 41, 42, 43, 44, 45, 46, 47, 48, 49, 50, 51, 52, 53, 54, 55])",pose_static_lethal,"pose_static_lethal,pose_global_lethal",4.01,2.368,30.6,-1.304,-15.08,100,ok,100,ok,0,ok,118,18,8,6,0,ok,118,118,87,0,2,ok,0.859,698
172.004,1782024271.827,21,"mission mission_timeout (reached=14/56 missed=[14, 15, 16, 17, 18, 19, 20, 21, 22, 23, 24, 25, 26, 27, 28, 29, 30, 31, 32, 33, 34, 35, 36, 37, 38, 39, 40, 41, 42, 43, 44, 45, 46, 47, 48, 49, 50, 51, 52, 53, 54, 55])",pose_static_lethal,"pose_static_lethal,pose_global_lethal",4.01,2.368,30.6,-1.304,-15.08,100,ok,100,ok,0,ok,118,18,8,6,0,ok,118,118,87,0,2,ok,0.859,698
172.505,1782024272.328,21,"mission mission_timeout (reached=14/56 missed=[14, 15, 16, 17, 18, 19, 20, 21, 22, 23, 24, 25, 26, 27, 28, 29, 30, 31, 32, 33, 34, 35, 36, 37, 38, 39, 40, 41, 42, 43, 44, 45, 46, 47, 48, 49, 50, 51, 52, 53, 54, 55])",pose_static_lethal,"pose_static_lethal,pose_global_lethal",4.01,2.368,30.6,-1.304,-15.08,100,ok,100,ok,0,ok,118,18,8,6,0,ok,118,118,87,0,2,ok,0.859,698
173.004,1782024272.827,21,"mission mission_timeout (reached=14/56 missed=[14, 15, 16, 17, 18, 19, 20, 21, 22, 23, 24, 25, 26, 27, 28, 29, 30, 31, 32, 33, 34, 35, 36, 37, 38, 39, 40, 41, 42, 43, 44, 45, 46, 47, 48, 49, 50, 51, 52, 53, 54, 55])",pose_static_lethal,"pose_static_lethal,pose_global_lethal",4.01,2.368,30.6,-1.304,-15.08,100,ok,100,ok,0,ok,118,18,8,6,0,ok,118,118,87,0,2,ok,0.859,698
173.504,1782024273.327,21,"mission mission_timeout (reached=14/56 missed=[14, 15, 16, 17, 18, 19, 20, 21, 22, 23, 24, 25, 26, 27, 28, 29, 30, 31, 32, 33, 34, 35, 36, 37, 38, 39, 40, 41, 42, 43, 44, 45, 46, 47, 48, 49, 50, 51, 52, 53, 54, 55])",pose_static_lethal,"pose_static_lethal,pose_global_lethal",4.01,2.368,30.6,-1.304,-15.08,100,ok,100,ok,0,ok,118,18,8,6,0,ok,118,118,87,0,2,ok,0.859,698
174.004,1782024273.827,21,"mission mission_timeout (reached=14/56 missed=[14, 15, 16, 17, 18, 19, 20, 21, 22, 23, 24, 25, 26, 27, 28, 29, 30, 31, 32, 33, 34, 35, 36, 37, 38, 39, 40, 41, 42, 43, 44, 45, 46, 47, 48, 49, 50, 51, 52, 53, 54, 55])",pose_static_lethal,"pose_static_lethal,pose_global_lethal",4.01,2.368,30.6,-1.304,-15.08,100,ok,100,ok,0,ok,118,18,8,6,0,ok,118,118,87,0,2,ok,0.859,698
174.504,1782024274.327,21,"mission mission_timeout (reached=14/56 missed=[14, 15, 16, 17, 18, 19, 20, 21, 22, 23, 24, 25, 26, 27, 28, 29, 30, 31, 32, 33, 34, 35, 36, 37, 38, 39, 40, 41, 42, 43, 44, 45, 46, 47, 48, 49, 50, 51, 52, 53, 54, 55])",pose_static_lethal,"pose_static_lethal,pose_global_lethal",4.01,2.368,30.6,-1.304,-15.08,100,ok,100,ok,0,ok,118,18,8,6,0,ok,118,118,87,0,2,ok,0.859,698
175.004,1782024274.827,21,"mission mission_timeout (reached=14/56 missed=[14, 15, 16, 17, 18, 19, 20, 21, 22, 23, 24, 25, 26, 27, 28, 29, 30, 31, 32, 33, 34, 35, 36, 37, 38, 39, 40, 41, 42, 43, 44, 45, 46, 47, 48, 49, 50, 51, 52, 53, 54, 55])",pose_static_lethal,"pose_static_lethal,pose_global_lethal",4.01,2.368,30.6,-1.304,-15.08,100,ok,100,ok,0,ok,118,18,8,6,0,ok,118,118,87,0,2,ok,0.859,698
175.505,1782024275.328,21,"mission mission_timeout (reached=14/56 missed=[14, 15, 16, 17, 18, 19, 20, 21, 22, 23, 24, 25, 26, 27, 28, 29, 30, 31, 32, 33, 34, 35, 36, 37, 38, 39, 40, 41, 42, 43, 44, 45, 46, 47, 48, 49, 50, 51, 52, 53, 54, 55])",pose_static_lethal,"pose_static_lethal,pose_global_lethal",4.01,2.368,30.6,-1.304,-15.08,100,ok,100,ok,0,ok,118,18,8,6,0,ok,118,118,87,0,2,ok,0.859,698
176.004,1782024275.827,21,"mission mission_timeout (reached=14/56 missed=[14, 15, 16, 17, 18, 19, 20, 21, 22, 23, 24, 25, 26, 27, 28, 29, 30, 31, 32, 33, 34, 35, 36, 37, 38, 39, 40, 41, 42, 43, 44, 45, 46, 47, 48, 49, 50, 51, 52, 53, 54, 55])",pose_static_lethal,"pose_static_lethal,pose_global_lethal",4.01,2.368,30.6,-1.304,-15.08,100,ok,100,ok,0,ok,118,18,8,6,0,ok,118,118,87,0,2,ok,0.859,698
176.504,1782024276.327,21,"mission mission_timeout (reached=14/56 missed=[14, 15, 16, 17, 18, 19, 20, 21, 22, 23, 24, 25, 26, 27, 28, 29, 30, 31, 32, 33, 34, 35, 36, 37, 38, 39, 40, 41, 42, 43, 44, 45, 46, 47, 48, 49, 50, 51, 52, 53, 54, 55])",pose_static_lethal,"pose_static_lethal,pose_global_lethal",4.01,2.368,30.6,-1.304,-15.08,100,ok,100,ok,0,ok,118,18,8,6,0,ok,118,118,87,0,2,ok,0.859,698
177.004,1782024276.827,21,"mission mission_timeout (reached=14/56 missed=[14, 15, 16, 17, 18, 19, 20, 21, 22, 23, 24, 25, 26, 27, 28, 29, 30, 31, 32, 33, 34, 35, 36, 37, 38, 39, 40, 41, 42, 43, 44, 45, 46, 47, 48, 49, 50, 51, 52, 53, 54, 55])",pose_static_lethal,"pose_static_lethal,pose_global_lethal",4.01,2.368,30.6,-1.304,-15.08,100,ok,100,ok,0,ok,118,18,8,6,0,ok,118,118,87,0,2,ok,0.859,698
177.504,1782024277.327,21,"mission mission_timeout (reached=14/56 missed=[14, 15, 16, 17, 18, 19, 20, 21, 22, 23, 24, 25, 26, 27, 28, 29, 30, 31, 32, 33, 34, 35, 36, 37, 38, 39, 40, 41, 42, 43, 44, 45, 46, 47, 48, 49, 50, 51, 52, 53, 54, 55])",pose_static_lethal,"pose_static_lethal,pose_global_lethal",4.01,2.368,30.6,-1.304,-15.08,100,ok,100,ok,0,ok,118,18,8,6,0,ok,118,118,87,0,2,ok,0.859,698
178.004,1782024277.827,21,"mission mission_timeout (reached=14/56 missed=[14, 15, 16, 17, 18, 19, 20, 21, 22, 23, 24, 25, 26, 27, 28, 29, 30, 31, 32, 33, 34, 35, 36, 37, 38, 39, 40, 41, 42, 43, 44, 45, 46, 47, 48, 49, 50, 51, 52, 53, 54, 55])",pose_static_lethal,"pose_static_lethal,pose_global_lethal",4.01,2.368,30.6,-1.304,-15.08,100,ok,100,ok,0,ok,118,18,8,6,0,ok,118,118,87,0,2,ok,0.859,698
178.504,1782024278.327,21,"mission mission_timeout (reached=14/56 missed=[14, 15, 16, 17, 18, 19, 20, 21, 22, 23, 24, 25, 26, 27, 28, 29, 30, 31, 32, 33, 34, 35, 36, 37, 38, 39, 40, 41, 42, 43, 44, 45, 46, 47, 48, 49, 50, 51, 52, 53, 54, 55])",pose_static_lethal,"pose_static_lethal,pose_global_lethal",4.01,2.368,30.6,-1.304,-15.08,100,ok,100,ok,0,ok,118,18,8,6,0,ok,118,118,87,0,2,ok,0.859,698
